frame_id,object_index,class,distance_m,n_object_points,n_hits,hit_rate,truncated,occluded,perturb_type,level
000001,0,Truck,69.44159056358085,70,0,0.0,0.0,0,yaw,-3.0
000001,1,Car,60.780926284485005,9,0,0.0,0.0,0,yaw,-3.0
000001,2,Cyclist,46.06922725638015,18,0,0.0,0.0,3,yaw,-3.0
000004,0,Car,41.35978360678401,77,18,0.23376623376623376,0.0,0,yaw,-3.0
000004,1,Car,53.58041619845819,26,0,0.0,0.0,0,yaw,-3.0
000007,0,Car,25.019516382216505,191,46,0.24083769633507854,0.0,0,yaw,-3.0
000007,1,Car,48.126992426288176,19,0,0.0,0.0,0,yaw,-3.0
000007,2,Car,60.70300239691609,5,0,0.0,0.0,0,yaw,-3.0
000007,3,Cyclist,36.35443576786745,25,0,0.0,0.0,0,yaw,-3.0
000008,0,Car,4.564252403187186,6237,1569,0.25156325156325154,0.88,3,yaw,-3.0
000008,1,Car,7.946603047843777,1940,1749,0.9015463917525773,0.0,1,yaw,-3.0
000008,2,Car,7.2345421416977045,1041,655,0.6292026897214217,0.34,3,yaw,-3.0
000008,3,Car,14.479589082567227,668,501,0.75,0.0,1,yaw,-3.0
000008,4,Car,33.98025308911045,53,9,0.16981132075471697,0.0,0,yaw,-3.0
000008,5,Car,21.686677938310424,164,53,0.3231707317073171,0.0,0,yaw,-3.0
000009,0,Car,23.89025742850001,219,70,0.319634703196347,0.0,0,yaw,-3.0
000010,0,Car,6.831171202656248,1645,173,0.10516717325227963,0.8,0,yaw,-3.0
000010,1,Car,12.039605475263714,1016,841,0.827755905511811,0.0,0,yaw,-3.0
000010,2,Pedestrian,24.942112981862625,23,0,0.0,0.0,2,yaw,-3.0
000010,3,Car,17.506355988611677,340,199,0.5852941176470589,0.0,0,yaw,-3.0
000010,4,Car,23.095441108582445,48,41,0.8541666666666666,0.0,2,yaw,-3.0
000010,5,Car,23.643053948252962,246,113,0.45934959349593496,0.0,0,yaw,-3.0
000010,6,Car,29.077044210166893,55,0,0.0,0.0,2,yaw,-3.0
000010,7,Car,29.59823136607997,33,14,0.42424242424242425,0.0,1,yaw,-3.0
000010,8,Car,43.08564145977172,20,0,0.0,0.0,1,yaw,-3.0
000011,0,Pedestrian,13.41118935814419,151,12,0.07947019867549669,0.0,1,yaw,-3.0
000011,1,Pedestrian,14.482447997489928,35,0,0.0,0.0,2,yaw,-3.0
000011,2,Car,27.09597940654665,208,59,0.28365384615384615,0.0,0,yaw,-3.0
000011,3,Pedestrian,34.150935565515624,40,0,0.0,0.0,0,yaw,-3.0
000011,4,Car,6.5780924286604545,3251,261,0.08028298984927715,0.98,0,yaw,-3.0
000011,5,Pedestrian,17.808113319495696,81,0,0.0,0.0,0,yaw,-3.0
000012,0,Car,59.08272251682382,13,0,0.0,0.0,0,yaw,-3.0
000012,1,Van,66.31078946898461,39,0,0.0,0.0,0,yaw,-3.0
000015,0,Car,4.936851223198852,5857,1642,0.2803483011780775,0.89,0,yaw,-3.0
000015,1,Pedestrian,8.953803661014687,386,174,0.45077720207253885,0.0,1,yaw,-3.0
000015,2,Pedestrian,24.265020090657252,55,0,0.0,0.0,0,yaw,-3.0
000015,3,Pedestrian,24.443780395020735,70,0,0.0,0.0,0,yaw,-3.0
000015,4,Pedestrian,23.36865635846443,66,0,0.0,0.0,0,yaw,-3.0
000016,0,Car,44.60722138847027,24,0,0.0,0.0,2,yaw,-3.0
000016,1,Truck,28.05990912316004,1973,1793,0.9087683730359858,0.0,2,yaw,-3.0
000016,2,Car,33.44507886072329,51,12,0.23529411764705882,0.0,0,yaw,-3.0
000016,3,Car,7.076114753167871,2051,1792,0.8737201365187713,0.5,0,yaw,-3.0
000016,4,Car,47.17749145514204,10,0,0.0,0.0,0,yaw,-3.0
000019,0,Truck,6.313517244769353,7634,4843,0.6343987424679067,0.74,1,yaw,-3.0
000019,1,Car,10.126401137620414,1236,1043,0.8438511326860841,0.0,0,yaw,-3.0
000019,2,Van,35.422761044277735,106,7,0.0660377358490566,0.0,0,yaw,-3.0
000019,3,Car,59.71424118248511,19,0,0.0,0.0,0,yaw,-3.0
000021,0,Cyclist,4.173978917052649,1484,16,0.01078167115902965,0.89,0,yaw,-3.0
000021,1,Car,13.640780769442783,850,671,0.7894117647058824,0.0,0,yaw,-3.0
000021,2,Car,17.77949380606771,238,118,0.4957983193277311,0.0,1,yaw,-3.0
000021,3,Van,23.926972228010797,964,824,0.8547717842323651,0.0,1,yaw,-3.0
000021,4,Car,26.48156528606268,176,53,0.30113636363636365,0.0,0,yaw,-3.0
000021,5,Car,26.878863443233605,113,17,0.1504424778761062,0.0,1,yaw,-3.0
000021,6,Car,32.60922875506258,50,21,0.42,0.0,2,yaw,-3.0
000021,7,Car,31.800440248524865,28,0,0.0,0.0,2,yaw,-3.0
000023,0,Truck,69.291272899262,74,0,0.0,0.0,0,yaw,-3.0
000023,1,Car,57.51844312913902,13,0,0.0,0.0,0,yaw,-3.0
000023,2,Cyclist,44.993710671603864,20,0,0.0,0.0,3,yaw,-3.0
000025,0,Car,3.970453374616053,1319,110,0.08339651250947688,0.94,3,yaw,-3.0
000025,1,Car,10.65178388815695,1121,962,0.8581623550401427,0.0,0,yaw,-3.0
000025,2,Car,30.190077840244136,61,22,0.36065573770491804,0.0,0,yaw,-3.0
000025,3,Car,17.854971296532515,316,156,0.4936708860759494,0.0,0,yaw,-3.0
000025,4,Cyclist,44.71587861151786,21,0,0.0,0.0,3,yaw,-3.0
000025,5,Car,22.69764084657258,27,27,1.0,0.0,1,yaw,-3.0
000031,0,Car,12.607632608860396,1028,811,0.7889105058365758,0.0,0,yaw,-3.0
000031,1,Car,9.03792011471666,1028,830,0.8073929961089494,0.0,0,yaw,-3.0
000031,2,Car,13.456210462087757,517,482,0.9323017408123792,0.0,1,yaw,-3.0
000031,3,Truck,22.540259537103825,328,175,0.5335365853658537,0.0,2,yaw,-3.0
000031,4,Car,26.54867604985228,141,34,0.24113475177304963,0.0,0,yaw,-3.0
000031,5,Van,51.92949547222657,32,0,0.0,0.0,0,yaw,-3.0
000032,0,Car,9.652983994599804,1435,1287,0.8968641114982578,0.0,0,yaw,-3.0
000032,1,Car,9.138276642781175,1352,1125,0.8321005917159763,0.0,0,yaw,-3.0
000032,2,Van,14.807150299770715,803,530,0.660024906600249,0.0,1,yaw,-3.0
000032,3,Car,13.80878343663916,410,404,0.9853658536585366,0.0,1,yaw,-3.0
000032,4,Car,20.173807275772216,71,56,0.7887323943661971,0.0,2,yaw,-3.0
000032,5,Van,25.41070837265266,584,452,0.773972602739726,0.0,2,yaw,-3.0
000032,6,Car,25.844198575308926,75,36,0.48,0.0,2,yaw,-3.0
000032,7,Van,44.721862662460744,64,0,0.0,0.0,0,yaw,-3.0
000032,8,Van,41.09104525319355,154,146,0.948051948051948,0.0,2,yaw,-3.0
000032,9,Car,45.14646608539809,39,0,0.0,0.0,0,yaw,-3.0
000043,0,Pedestrian,12.751219549517607,158,0,0.0,0.0,0,yaw,-3.0
000043,1,Pedestrian,12.631927802200265,183,0,0.0,0.0,0,yaw,-3.0
000043,2,Pedestrian,20.64994188853809,85,0,0.0,0.0,0,yaw,-3.0
000043,3,Pedestrian,20.569696157211464,88,0,0.0,0.0,0,yaw,-3.0
000048,0,Pedestrian,16.89035227578158,113,0,0.0,0.0,0,yaw,-3.0
000048,1,Pedestrian,17.16517987088979,132,0,0.0,0.0,0,yaw,-3.0
000048,2,Pedestrian,16.5757654423559,116,0,0.0,0.0,0,yaw,-3.0
000048,3,Cyclist,30.42289927012217,41,0,0.0,0.0,0,yaw,-3.0
000049,0,Car,21.55469786380686,206,81,0.3932038834951456,0.0,0,yaw,-3.0
000049,1,Car,14.348257733955018,930,779,0.8376344086021505,0.0,0,yaw,-3.0
000049,2,Car,22.289344988132783,140,37,0.2642857142857143,0.0,2,yaw,-3.0
000049,3,Car,25.20128964953976,79,12,0.1518987341772152,0.0,2,yaw,-3.0
000049,4,Car,32.78124006196227,18,0,0.0,0.0,2,yaw,-3.0
000049,5,Van,45.86104665181553,79,17,0.21518987341772153,0.0,3,yaw,-3.0
000049,6,Pedestrian,5.464155927496945,830,563,0.6783132530120481,0.29,3,yaw,-3.0
000049,7,Car,10.398389298348086,571,568,0.9947460595446584,0.0,1,yaw,-3.0
000049,8,Car,15.44416070882455,432,378,0.875,0.0,1,yaw,-3.0
000049,9,Car,20.644311565174558,198,179,0.9040404040404041,0.0,2,yaw,-3.0
000049,10,Pedestrian,32.79,42,0,0.0,0.0,0,yaw,-3.0
000049,11,Car,33.246186247447994,74,34,0.4594594594594595,0.0,2,yaw,-3.0
000049,12,Car,14.42238537829301,437,394,0.9016018306636155,0.07,3,yaw,-3.0
000049,13,Car,19.022000420565657,312,227,0.7275641025641025,0.0,1,yaw,-3.0
000049,15,Car,23.202450301638404,8,2,0.25,0.0,2,yaw,-3.0
000049,16,Van,35.570551021877634,261,194,0.7432950191570882,0.0,3,yaw,-3.0
000049,17,Car,22.381387356462064,56,43,0.7678571428571429,0.38,3,yaw,-3.0
000061,0,Van,18.810489095183037,989,649,0.6562184024266936,0.05,3,yaw,-3.0
000061,1,Car,14.65341257182094,441,127,0.28798185941043086,0.79,3,yaw,-3.0
000061,2,Car,40.910098997680265,6,0,0.0,0.0,2,yaw,-3.0
000061,3,Car,21.145224047051382,145,10,0.06896551724137931,0.14,1,yaw,-3.0
000061,4,Misc,37.18469174270509,86,10,0.11627906976744186,0.0,3,yaw,-3.0
000061,5,Van,43.67280274953738,14,0,0.0,0.0,3,yaw,-3.0
000001,0,Truck,69.44159056358085,70,12,0.17142857142857143,0.0,0,yaw,-2.0
000001,1,Car,60.780926284485005,9,1,0.1111111111111111,0.0,0,yaw,-2.0
000001,2,Cyclist,46.06922725638015,18,0,0.0,0.0,3,yaw,-2.0
000004,0,Car,41.35978360678401,77,38,0.4935064935064935,0.0,0,yaw,-2.0
000004,1,Car,53.58041619845819,26,9,0.34615384615384615,0.0,0,yaw,-2.0
000007,0,Car,25.019516382216505,191,100,0.5235602094240838,0.0,0,yaw,-2.0
000007,1,Car,48.126992426288176,19,5,0.2631578947368421,0.0,0,yaw,-2.0
000007,2,Car,60.70300239691609,5,0,0.0,0.0,0,yaw,-2.0
000007,3,Cyclist,36.35443576786745,25,0,0.0,0.0,0,yaw,-2.0
000008,0,Car,4.564252403187186,6237,1537,0.2464325797659131,0.88,3,yaw,-2.0
000008,1,Car,7.946603047843777,1940,1842,0.9494845360824742,0.0,1,yaw,-2.0
000008,2,Car,7.2345421416977045,1041,726,0.6974063400576369,0.34,3,yaw,-2.0
000008,3,Car,14.479589082567227,668,582,0.8712574850299402,0.0,1,yaw,-2.0
000008,4,Car,33.98025308911045,53,32,0.6037735849056604,0.0,0,yaw,-2.0
000008,5,Car,21.686677938310424,164,92,0.5609756097560976,0.0,0,yaw,-2.0
000009,0,Car,23.89025742850001,219,124,0.5662100456621004,0.0,0,yaw,-2.0
000010,0,Car,6.831171202656248,1645,201,0.12218844984802432,0.8,0,yaw,-2.0
000010,1,Car,12.039605475263714,1016,919,0.9045275590551181,0.0,0,yaw,-2.0
000010,2,Pedestrian,24.942112981862625,23,0,0.0,0.0,2,yaw,-2.0
000010,3,Car,17.506355988611677,340,258,0.7588235294117647,0.0,0,yaw,-2.0
000010,4,Car,23.095441108582445,48,45,0.9375,0.0,2,yaw,-2.0
000010,5,Car,23.643053948252962,246,167,0.6788617886178862,0.0,0,yaw,-2.0
000010,6,Car,29.077044210166893,55,4,0.07272727272727272,0.0,2,yaw,-2.0
000010,7,Car,29.59823136607997,33,29,0.8787878787878788,0.0,1,yaw,-2.0
000010,8,Car,43.08564145977172,20,6,0.3,0.0,1,yaw,-2.0
000011,0,Pedestrian,13.41118935814419,151,71,0.47019867549668876,0.0,1,yaw,-2.0
000011,1,Pedestrian,14.482447997489928,35,14,0.4,0.0,2,yaw,-2.0
000011,2,Car,27.09597940654665,208,112,0.5384615384615384,0.0,0,yaw,-2.0
000011,3,Pedestrian,34.150935565515624,40,0,0.0,0.0,0,yaw,-2.0
000011,4,Car,6.5780924286604545,3251,268,0.08243617348508152,0.98,0,yaw,-2.0
000011,5,Pedestrian,17.808113319495696,81,0,0.0,0.0,0,yaw,-2.0
000012,0,Car,59.08272251682382,13,0,0.0,0.0,0,yaw,-2.0
000012,1,Van,66.31078946898461,39,5,0.1282051282051282,0.0,0,yaw,-2.0
000015,0,Car,4.936851223198852,5857,1693,0.2890558306300154,0.89,0,yaw,-2.0
000015,1,Pedestrian,8.953803661014687,386,323,0.8367875647668394,0.0,1,yaw,-2.0
000015,2,Pedestrian,24.265020090657252,55,0,0.0,0.0,0,yaw,-2.0
000015,3,Pedestrian,24.443780395020735,70,0,0.0,0.0,0,yaw,-2.0
000015,4,Pedestrian,23.36865635846443,66,0,0.0,0.0,0,yaw,-2.0
000016,0,Car,44.60722138847027,24,7,0.2916666666666667,0.0,2,yaw,-2.0
000016,1,Truck,28.05990912316004,1973,1874,0.9498226051697922,0.0,2,yaw,-2.0
000016,2,Car,33.44507886072329,51,26,0.5098039215686274,0.0,0,yaw,-2.0
000016,3,Car,7.076114753167871,2051,1837,0.8956606533398342,0.5,0,yaw,-2.0
000016,4,Car,47.17749145514204,10,2,0.2,0.0,0,yaw,-2.0
000019,0,Truck,6.313517244769353,7634,4963,0.6501178936337437,0.74,1,yaw,-2.0
000019,1,Car,10.126401137620414,1236,1145,0.9263754045307443,0.0,0,yaw,-2.0
000019,2,Van,35.422761044277735,106,46,0.4339622641509434,0.0,0,yaw,-2.0
000019,3,Car,59.71424118248511,19,0,0.0,0.0,0,yaw,-2.0
000021,0,Cyclist,4.173978917052649,1484,43,0.028975741239892182,0.89,0,yaw,-2.0
000021,1,Car,13.640780769442783,850,749,0.8811764705882353,0.0,0,yaw,-2.0
000021,2,Car,17.77949380606771,238,176,0.7394957983193278,0.0,1,yaw,-2.0
000021,3,Van,23.926972228010797,964,884,0.91701244813278,0.0,1,yaw,-2.0
000021,4,Car,26.48156528606268,176,98,0.5568181818181818,0.0,0,yaw,-2.0
000021,5,Car,26.878863443233605,113,56,0.49557522123893805,0.0,1,yaw,-2.0
000021,6,Car,32.60922875506258,50,39,0.78,0.0,2,yaw,-2.0
000021,7,Car,31.800440248524865,28,0,0.0,0.0,2,yaw,-2.0
000023,0,Truck,69.291272899262,74,13,0.17567567567567569,0.0,0,yaw,-2.0
000023,1,Car,57.51844312913902,13,4,0.3076923076923077,0.0,0,yaw,-2.0
000023,2,Cyclist,44.993710671603864,20,0,0.0,0.0,3,yaw,-2.0
000025,0,Car,3.970453374616053,1319,113,0.08567096285064443,0.94,3,yaw,-2.0
000025,1,Car,10.65178388815695,1121,1032,0.9206066012488849,0.0,0,yaw,-2.0
000025,2,Car,30.190077840244136,61,44,0.7213114754098361,0.0,0,yaw,-2.0
000025,3,Car,17.854971296532515,316,225,0.7120253164556962,0.0,0,yaw,-2.0
000025,4,Cyclist,44.71587861151786,21,0,0.0,0.0,3,yaw,-2.0
000025,5,Car,22.69764084657258,27,27,1.0,0.0,1,yaw,-2.0
000031,0,Car,12.607632608860396,1028,917,0.892023346303502,0.0,0,yaw,-2.0
000031,1,Car,9.03792011471666,1028,916,0.8910505836575876,0.0,0,yaw,-2.0
000031,2,Car,13.456210462087757,517,513,0.9922630560928434,0.0,1,yaw,-2.0
000031,3,Truck,22.540259537103825,328,227,0.6920731707317073,0.0,2,yaw,-2.0
000031,4,Car,26.54867604985228,141,75,0.5319148936170213,0.0,0,yaw,-2.0
000031,5,Van,51.92949547222657,32,0,0.0,0.0,0,yaw,-2.0
000032,0,Car,9.652983994599804,1435,1382,0.9630662020905923,0.0,0,yaw,-2.0
000032,1,Car,9.138276642781175,1352,1223,0.9045857988165681,0.0,0,yaw,-2.0
000032,2,Van,14.807150299770715,803,653,0.813200498132005,0.0,1,yaw,-2.0
000032,3,Car,13.80878343663916,410,410,1.0,0.0,1,yaw,-2.0
000032,4,Car,20.173807275772216,71,64,0.9014084507042254,0.0,2,yaw,-2.0
000032,5,Van,25.41070837265266,584,522,0.8938356164383562,0.0,2,yaw,-2.0
000032,6,Car,25.844198575308926,75,60,0.8,0.0,2,yaw,-2.0
000032,7,Van,44.721862662460744,64,6,0.09375,0.0,0,yaw,-2.0
000032,8,Van,41.09104525319355,154,153,0.9935064935064936,0.0,2,yaw,-2.0
000032,9,Car,45.14646608539809,39,11,0.28205128205128205,0.0,0,yaw,-2.0
000043,0,Pedestrian,12.751219549517607,158,13,0.08227848101265822,0.0,0,yaw,-2.0
000043,1,Pedestrian,12.631927802200265,183,22,0.12021857923497267,0.0,0,yaw,-2.0
000043,2,Pedestrian,20.64994188853809,85,0,0.0,0.0,0,yaw,-2.0
000043,3,Pedestrian,20.569696157211464,88,1,0.011363636363636364,0.0,0,yaw,-2.0
000048,0,Pedestrian,16.89035227578158,113,12,0.10619469026548672,0.0,0,yaw,-2.0
000048,1,Pedestrian,17.16517987088979,132,22,0.16666666666666666,0.0,0,yaw,-2.0
000048,2,Pedestrian,16.5757654423559,116,27,0.23275862068965517,0.0,0,yaw,-2.0
000048,3,Cyclist,30.42289927012217,41,0,0.0,0.0,0,yaw,-2.0
000049,0,Car,21.55469786380686,206,126,0.6116504854368932,0.0,0,yaw,-2.0
000049,1,Car,14.348257733955018,930,853,0.9172043010752688,0.0,0,yaw,-2.0
000049,2,Car,22.289344988132783,140,74,0.5285714285714286,0.0,2,yaw,-2.0
000049,3,Car,25.20128964953976,79,29,0.3670886075949367,0.0,2,yaw,-2.0
000049,4,Car,32.78124006196227,18,2,0.1111111111111111,0.0,2,yaw,-2.0
000049,5,Van,45.86104665181553,79,28,0.35443037974683544,0.0,3,yaw,-2.0
000049,6,Pedestrian,5.464155927496945,830,644,0.7759036144578313,0.29,3,yaw,-2.0
000049,7,Car,10.398389298348086,571,569,0.9964973730297724,0.0,1,yaw,-2.0
000049,8,Car,15.44416070882455,432,417,0.9652777777777778,0.0,1,yaw,-2.0
000049,9,Car,20.644311565174558,198,185,0.9343434343434344,0.0,2,yaw,-2.0
000049,10,Pedestrian,32.79,42,0,0.0,0.0,0,yaw,-2.0
000049,11,Car,33.246186247447994,74,53,0.7162162162162162,0.0,2,yaw,-2.0
000049,12,Car,14.42238537829301,437,394,0.9016018306636155,0.07,3,yaw,-2.0
000049,13,Car,19.022000420565657,312,273,0.875,0.0,1,yaw,-2.0
000049,15,Car,23.202450301638404,8,4,0.5,0.0,2,yaw,-2.0
000049,16,Van,35.570551021877634,261,233,0.89272030651341,0.0,3,yaw,-2.0
000049,17,Car,22.381387356462064,56,51,0.9107142857142857,0.38,3,yaw,-2.0
000061,0,Van,18.810489095183037,989,761,0.7694641051567239,0.05,3,yaw,-2.0
000061,1,Car,14.65341257182094,441,134,0.30385487528344673,0.79,3,yaw,-2.0
000061,2,Car,40.910098997680265,6,0,0.0,0.0,2,yaw,-2.0
000061,3,Car,21.145224047051382,145,55,0.3793103448275862,0.14,1,yaw,-2.0
000061,4,Misc,37.18469174270509,86,35,0.4069767441860465,0.0,3,yaw,-2.0
000061,5,Van,43.67280274953738,14,4,0.2857142857142857,0.0,3,yaw,-2.0
000001,0,Truck,69.44159056358085,70,45,0.6428571428571429,0.0,0,yaw,-1.0
000001,1,Car,60.780926284485005,9,9,1.0,0.0,0,yaw,-1.0
000001,2,Cyclist,46.06922725638015,18,0,0.0,0.0,3,yaw,-1.0
000004,0,Car,41.35978360678401,77,63,0.8181818181818182,0.0,0,yaw,-1.0
000004,1,Car,53.58041619845819,26,17,0.6538461538461539,0.0,0,yaw,-1.0
000007,0,Car,25.019516382216505,191,155,0.8115183246073299,0.0,0,yaw,-1.0
000007,1,Car,48.126992426288176,19,13,0.6842105263157895,0.0,0,yaw,-1.0
000007,2,Car,60.70300239691609,5,3,0.6,0.0,0,yaw,-1.0
000007,3,Cyclist,36.35443576786745,25,6,0.24,0.0,0,yaw,-1.0
000008,0,Car,4.564252403187186,6237,1496,0.23985890652557318,0.88,3,yaw,-1.0
000008,1,Car,7.946603047843777,1940,1932,0.9958762886597938,0.0,1,yaw,-1.0
000008,2,Car,7.2345421416977045,1041,804,0.7723342939481268,0.34,3,yaw,-1.0
000008,3,Car,14.479589082567227,668,633,0.9476047904191617,0.0,1,yaw,-1.0
000008,4,Car,33.98025308911045,53,47,0.8867924528301887,0.0,0,yaw,-1.0
000008,5,Car,21.686677938310424,164,136,0.8292682926829268,0.0,0,yaw,-1.0
000009,0,Car,23.89025742850001,219,176,0.8036529680365296,0.0,0,yaw,-1.0
000010,0,Car,6.831171202656248,1645,238,0.14468085106382977,0.8,0,yaw,-1.0
000010,1,Car,12.039605475263714,1016,995,0.9793307086614174,0.0,0,yaw,-1.0
000010,2,Pedestrian,24.942112981862625,23,2,0.08695652173913043,0.0,2,yaw,-1.0
000010,3,Car,17.506355988611677,340,318,0.9352941176470588,0.0,0,yaw,-1.0
000010,4,Car,23.095441108582445,48,48,1.0,0.0,2,yaw,-1.0
000010,5,Car,23.643053948252962,246,218,0.8861788617886179,0.0,0,yaw,-1.0
000010,6,Car,29.077044210166893,55,31,0.5636363636363636,0.0,2,yaw,-1.0
000010,7,Car,29.59823136607997,33,33,1.0,0.0,1,yaw,-1.0
000010,8,Car,43.08564145977172,20,18,0.9,0.0,1,yaw,-1.0
000011,0,Pedestrian,13.41118935814419,151,134,0.8874172185430463,0.0,1,yaw,-1.0
000011,1,Pedestrian,14.482447997489928,35,29,0.8285714285714286,0.0,2,yaw,-1.0
000011,2,Car,27.09597940654665,208,165,0.7932692307692307,0.0,0,yaw,-1.0
000011,3,Pedestrian,34.150935565515624,40,9,0.225,0.0,0,yaw,-1.0
000011,4,Car,6.5780924286604545,3251,267,0.08212857582282375,0.98,0,yaw,-1.0
000011,5,Pedestrian,17.808113319495696,81,33,0.4074074074074074,0.0,0,yaw,-1.0
000012,0,Car,59.08272251682382,13,4,0.3076923076923077,0.0,0,yaw,-1.0
000012,1,Van,66.31078946898461,39,24,0.6153846153846154,0.0,0,yaw,-1.0
000015,0,Car,4.936851223198852,5857,1688,0.28820215127198223,0.89,0,yaw,-1.0
000015,1,Pedestrian,8.953803661014687,386,364,0.9430051813471503,0.0,1,yaw,-1.0
000015,2,Pedestrian,24.265020090657252,55,27,0.4909090909090909,0.0,0,yaw,-1.0
000015,3,Pedestrian,24.443780395020735,70,40,0.5714285714285714,0.0,0,yaw,-1.0
000015,4,Pedestrian,23.36865635846443,66,36,0.5454545454545454,0.0,0,yaw,-1.0
000016,0,Car,44.60722138847027,24,19,0.7916666666666666,0.0,2,yaw,-1.0
000016,1,Truck,28.05990912316004,1973,1948,0.9873289406994424,0.0,2,yaw,-1.0
000016,2,Car,33.44507886072329,51,49,0.9607843137254902,0.0,0,yaw,-1.0
000016,3,Car,7.076114753167871,2051,1831,0.8927352510970259,0.5,0,yaw,-1.0
000016,4,Car,47.17749145514204,10,7,0.7,0.0,0,yaw,-1.0
000019,0,Truck,6.313517244769353,7634,5015,0.6569295258056065,0.74,1,yaw,-1.0
000019,1,Car,10.126401137620414,1236,1226,0.9919093851132686,0.0,0,yaw,-1.0
000019,2,Van,35.422761044277735,106,78,0.7358490566037735,0.0,0,yaw,-1.0
000019,3,Car,59.71424118248511,19,11,0.5789473684210527,0.0,0,yaw,-1.0
000021,0,Cyclist,4.173978917052649,1484,88,0.05929919137466307,0.89,0,yaw,-1.0
000021,1,Car,13.640780769442783,850,821,0.9658823529411765,0.0,0,yaw,-1.0
000021,2,Car,17.77949380606771,238,219,0.9201680672268907,0.0,1,yaw,-1.0
000021,3,Van,23.926972228010797,964,939,0.9740663900414938,0.0,1,yaw,-1.0
000021,4,Car,26.48156528606268,176,144,0.8181818181818182,0.0,0,yaw,-1.0
000021,5,Car,26.878863443233605,113,92,0.8141592920353983,0.0,1,yaw,-1.0
000021,6,Car,32.60922875506258,50,45,0.9,0.0,2,yaw,-1.0
000021,7,Car,31.800440248524865,28,5,0.17857142857142858,0.0,2,yaw,-1.0
000023,0,Truck,69.291272899262,74,43,0.581081081081081,0.0,0,yaw,-1.0
000023,1,Car,57.51844312913902,13,13,1.0,0.0,0,yaw,-1.0
000023,2,Cyclist,44.993710671603864,20,0,0.0,0.0,3,yaw,-1.0
000025,0,Car,3.970453374616053,1319,123,0.0932524639878696,0.94,3,yaw,-1.0
000025,1,Car,10.65178388815695,1121,1101,0.9821587867975022,0.0,0,yaw,-1.0
000025,2,Car,30.190077840244136,61,58,0.9508196721311475,0.0,0,yaw,-1.0
000025,3,Car,17.854971296532515,316,289,0.9145569620253164,0.0,0,yaw,-1.0
000025,4,Cyclist,44.71587861151786,21,0,0.0,0.0,3,yaw,-1.0
000025,5,Car,22.69764084657258,27,27,1.0,0.0,1,yaw,-1.0
000031,0,Car,12.607632608860396,1028,992,0.9649805447470817,0.0,0,yaw,-1.0
000031,1,Car,9.03792011471666,1028,1011,0.9834630350194552,0.0,0,yaw,-1.0
000031,2,Car,13.456210462087757,517,517,1.0,0.0,1,yaw,-1.0
000031,3,Truck,22.540259537103825,328,298,0.9085365853658537,0.0,2,yaw,-1.0
000031,4,Car,26.54867604985228,141,113,0.8014184397163121,0.0,0,yaw,-1.0
000031,5,Van,51.92949547222657,32,17,0.53125,0.0,0,yaw,-1.0
000032,0,Car,9.652983994599804,1435,1429,0.9958188153310105,0.0,0,yaw,-1.0
000032,1,Car,9.138276642781175,1352,1321,0.9770710059171598,0.0,0,yaw,-1.0
000032,2,Van,14.807150299770715,803,747,0.9302615193026152,0.0,1,yaw,-1.0
000032,3,Car,13.80878343663916,410,410,1.0,0.0,1,yaw,-1.0
000032,4,Car,20.173807275772216,71,70,0.9859154929577465,0.0,2,yaw,-1.0
000032,5,Van,25.41070837265266,584,574,0.9828767123287672,0.0,2,yaw,-1.0
000032,6,Car,25.844198575308926,75,72,0.96,0.0,2,yaw,-1.0
000032,7,Van,44.721862662460744,64,36,0.5625,0.0,0,yaw,-1.0
000032,8,Van,41.09104525319355,154,154,1.0,0.0,2,yaw,-1.0
000032,9,Car,45.14646608539809,39,29,0.7435897435897436,0.0,0,yaw,-1.0
000043,0,Pedestrian,12.751219549517607,158,98,0.620253164556962,0.0,0,yaw,-1.0
000043,1,Pedestrian,12.631927802200265,183,127,0.6939890710382514,0.0,0,yaw,-1.0
000043,2,Pedestrian,20.64994188853809,85,50,0.5882352941176471,0.0,0,yaw,-1.0
000043,3,Pedestrian,20.569696157211464,88,62,0.7045454545454546,0.0,0,yaw,-1.0
000048,0,Pedestrian,16.89035227578158,113,92,0.8141592920353983,0.0,0,yaw,-1.0
000048,1,Pedestrian,17.16517987088979,132,101,0.7651515151515151,0.0,0,yaw,-1.0
000048,2,Pedestrian,16.5757654423559,116,106,0.9137931034482759,0.0,0,yaw,-1.0
000048,3,Cyclist,30.42289927012217,41,11,0.2682926829268293,0.0,0,yaw,-1.0
000049,0,Car,21.55469786380686,206,167,0.8106796116504854,0.0,0,yaw,-1.0
000049,1,Car,14.348257733955018,930,922,0.9913978494623656,0.0,0,yaw,-1.0
000049,2,Car,22.289344988132783,140,118,0.8428571428571429,0.0,2,yaw,-1.0
000049,3,Car,25.20128964953976,79,66,0.8354430379746836,0.0,2,yaw,-1.0
000049,4,Car,32.78124006196227,18,11,0.6111111111111112,0.0,2,yaw,-1.0
000049,5,Van,45.86104665181553,79,61,0.7721518987341772,0.0,3,yaw,-1.0
000049,6,Pedestrian,5.464155927496945,830,710,0.8554216867469879,0.29,3,yaw,-1.0
000049,7,Car,10.398389298348086,571,570,0.9982486865148862,0.0,1,yaw,-1.0
000049,8,Car,15.44416070882455,432,432,1.0,0.0,1,yaw,-1.0
000049,9,Car,20.644311565174558,198,190,0.9595959595959596,0.0,2,yaw,-1.0
000049,10,Pedestrian,32.79,42,11,0.2619047619047619,0.0,0,yaw,-1.0
000049,11,Car,33.246186247447994,74,74,1.0,0.0,2,yaw,-1.0
000049,12,Car,14.42238537829301,437,436,0.9977116704805492,0.07,3,yaw,-1.0
000049,13,Car,19.022000420565657,312,299,0.9583333333333334,0.0,1,yaw,-1.0
000049,15,Car,23.202450301638404,8,8,1.0,0.0,2,yaw,-1.0
000049,16,Van,35.570551021877634,261,250,0.9578544061302682,0.0,3,yaw,-1.0
000049,17,Car,22.381387356462064,56,51,0.9107142857142857,0.38,3,yaw,-1.0
000061,0,Van,18.810489095183037,989,892,0.9019211324570273,0.05,3,yaw,-1.0
000061,1,Car,14.65341257182094,441,144,0.32653061224489793,0.79,3,yaw,-1.0
000061,2,Car,40.910098997680265,6,3,0.5,0.0,2,yaw,-1.0
000061,3,Car,21.145224047051382,145,117,0.8068965517241379,0.14,1,yaw,-1.0
000061,4,Misc,37.18469174270509,86,57,0.6627906976744186,0.0,3,yaw,-1.0
000061,5,Van,43.67280274953738,14,8,0.5714285714285714,0.0,3,yaw,-1.0
000001,0,Truck,69.44159056358085,70,59,0.8428571428571429,0.0,0,yaw,-0.5
000001,1,Car,60.780926284485005,9,9,1.0,0.0,0,yaw,-0.5
000001,2,Cyclist,46.06922725638015,18,8,0.4444444444444444,0.0,3,yaw,-0.5
000004,0,Car,41.35978360678401,77,72,0.935064935064935,0.0,0,yaw,-0.5
000004,1,Car,53.58041619845819,26,23,0.8846153846153846,0.0,0,yaw,-0.5
000007,0,Car,25.019516382216505,191,178,0.9319371727748691,0.0,0,yaw,-0.5
000007,1,Car,48.126992426288176,19,18,0.9473684210526315,0.0,0,yaw,-0.5
000007,2,Car,60.70300239691609,5,5,1.0,0.0,0,yaw,-0.5
000007,3,Cyclist,36.35443576786745,25,21,0.84,0.0,0,yaw,-0.5
000008,0,Car,4.564252403187186,6237,1452,0.2328042328042328,0.88,3,yaw,-0.5
000008,1,Car,7.946603047843777,1940,1940,1.0,0.0,1,yaw,-0.5
000008,2,Car,7.2345421416977045,1041,842,0.808837656099904,0.34,3,yaw,-0.5
000008,3,Car,14.479589082567227,668,659,0.9865269461077845,0.0,1,yaw,-0.5
000008,4,Car,33.98025308911045,53,53,1.0,0.0,0,yaw,-0.5
000008,5,Car,21.686677938310424,164,155,0.9451219512195121,0.0,0,yaw,-0.5
000009,0,Car,23.89025742850001,219,205,0.9360730593607306,0.0,0,yaw,-0.5
000010,0,Car,6.831171202656248,1645,257,0.15623100303951368,0.8,0,yaw,-0.5
000010,1,Car,12.039605475263714,1016,1016,1.0,0.0,0,yaw,-0.5
000010,2,Pedestrian,24.942112981862625,23,13,0.5652173913043478,0.0,2,yaw,-0.5
000010,3,Car,17.506355988611677,340,337,0.9911764705882353,0.0,0,yaw,-0.5
000010,4,Car,23.095441108582445,48,48,1.0,0.0,2,yaw,-0.5
000010,5,Car,23.643053948252962,246,237,0.9634146341463414,0.0,0,yaw,-0.5
000010,6,Car,29.077044210166893,55,45,0.8181818181818182,0.0,2,yaw,-0.5
000010,7,Car,29.59823136607997,33,33,1.0,0.0,1,yaw,-0.5
000010,8,Car,43.08564145977172,20,18,0.9,0.0,1,yaw,-0.5
000011,0,Pedestrian,13.41118935814419,151,143,0.9470198675496688,0.0,1,yaw,-0.5
000011,1,Pedestrian,14.482447997489928,35,32,0.9142857142857143,0.0,2,yaw,-0.5
000011,2,Car,27.09597940654665,208,193,0.9278846153846154,0.0,0,yaw,-0.5
000011,3,Pedestrian,34.150935565515624,40,27,0.675,0.0,0,yaw,-0.5
000011,4,Car,6.5780924286604545,3251,245,0.07536142725315288,0.98,0,yaw,-0.5
000011,5,Pedestrian,17.808113319495696,81,67,0.8271604938271605,0.0,0,yaw,-0.5
000012,0,Car,59.08272251682382,13,10,0.7692307692307693,0.0,0,yaw,-0.5
000012,1,Van,66.31078946898461,39,36,0.9230769230769231,0.0,0,yaw,-0.5
000015,0,Car,4.936851223198852,5857,1660,0.2834215468669968,0.89,0,yaw,-0.5
000015,1,Pedestrian,8.953803661014687,386,369,0.9559585492227979,0.0,1,yaw,-0.5
000015,2,Pedestrian,24.265020090657252,55,53,0.9636363636363636,0.0,0,yaw,-0.5
000015,3,Pedestrian,24.443780395020735,70,64,0.9142857142857143,0.0,0,yaw,-0.5
000015,4,Pedestrian,23.36865635846443,66,61,0.9242424242424242,0.0,0,yaw,-0.5
000016,0,Car,44.60722138847027,24,24,1.0,0.0,2,yaw,-0.5
000016,1,Truck,28.05990912316004,1973,1973,1.0,0.0,2,yaw,-0.5
000016,2,Car,33.44507886072329,51,50,0.9803921568627451,0.0,0,yaw,-0.5
000016,3,Car,7.076114753167871,2051,1802,0.878595806923452,0.5,0,yaw,-0.5
000016,4,Car,47.17749145514204,10,9,0.9,0.0,0,yaw,-0.5
000019,0,Truck,6.313517244769353,7634,4957,0.6493319360754519,0.74,1,yaw,-0.5
000019,1,Car,10.126401137620414,1236,1236,1.0,0.0,0,yaw,-0.5
000019,2,Van,35.422761044277735,106,92,0.8679245283018868,0.0,0,yaw,-0.5
000019,3,Car,59.71424118248511,19,18,0.9473684210526315,0.0,0,yaw,-0.5
000021,0,Cyclist,4.173978917052649,1484,126,0.08490566037735849,0.89,0,yaw,-0.5
000021,1,Car,13.640780769442783,850,848,0.9976470588235294,0.0,0,yaw,-0.5
000021,2,Car,17.77949380606771,238,238,1.0,0.0,1,yaw,-0.5
000021,3,Van,23.926972228010797,964,959,0.9948132780082988,0.0,1,yaw,-0.5
000021,4,Car,26.48156528606268,176,166,0.9431818181818182,0.0,0,yaw,-0.5
000021,5,Car,26.878863443233605,113,104,0.9203539823008849,0.0,1,yaw,-0.5
000021,6,Car,32.60922875506258,50,48,0.96,0.0,2,yaw,-0.5
000021,7,Car,31.800440248524865,28,25,0.8928571428571429,0.0,2,yaw,-0.5
000023,0,Truck,69.291272899262,74,61,0.8243243243243243,0.0,0,yaw,-0.5
000023,1,Car,57.51844312913902,13,13,1.0,0.0,0,yaw,-0.5
000023,2,Cyclist,44.993710671603864,20,8,0.4,0.0,3,yaw,-0.5
000025,0,Car,3.970453374616053,1319,129,0.0978013646702047,0.94,3,yaw,-0.5
000025,1,Car,10.65178388815695,1121,1119,0.9982158786797503,0.0,0,yaw,-0.5
000025,2,Car,30.190077840244136,61,60,0.9836065573770492,0.0,0,yaw,-0.5
000025,3,Car,17.854971296532515,316,312,0.9873417721518988,0.0,0,yaw,-0.5
000025,4,Cyclist,44.71587861151786,21,7,0.3333333333333333,0.0,3,yaw,-0.5
000025,5,Car,22.69764084657258,27,27,1.0,0.0,1,yaw,-0.5
000031,0,Car,12.607632608860396,1028,1025,0.9970817120622568,0.0,0,yaw,-0.5
000031,1,Car,9.03792011471666,1028,1028,1.0,0.0,0,yaw,-0.5
000031,2,Car,13.456210462087757,517,517,1.0,0.0,1,yaw,-0.5
000031,3,Truck,22.540259537103825,328,310,0.9451219512195121,0.0,2,yaw,-0.5
000031,4,Car,26.54867604985228,141,134,0.950354609929078,0.0,0,yaw,-0.5
000031,5,Van,51.92949547222657,32,25,0.78125,0.0,0,yaw,-0.5
000032,0,Car,9.652983994599804,1435,1435,1.0,0.0,0,yaw,-0.5
000032,1,Car,9.138276642781175,1352,1346,0.9955621301775148,0.0,0,yaw,-0.5
000032,2,Van,14.807150299770715,803,789,0.9825653798256538,0.0,1,yaw,-0.5
000032,3,Car,13.80878343663916,410,410,1.0,0.0,1,yaw,-0.5
000032,4,Car,20.173807275772216,71,71,1.0,0.0,2,yaw,-0.5
000032,5,Van,25.41070837265266,584,580,0.9931506849315068,0.0,2,yaw,-0.5
000032,6,Car,25.844198575308926,75,75,1.0,0.0,2,yaw,-0.5
000032,7,Van,44.721862662460744,64,49,0.765625,0.0,0,yaw,-0.5
000032,8,Van,41.09104525319355,154,154,1.0,0.0,2,yaw,-0.5
000032,9,Car,45.14646608539809,39,37,0.9487179487179487,0.0,0,yaw,-0.5
000043,0,Pedestrian,12.751219549517607,158,142,0.8987341772151899,0.0,0,yaw,-0.5
000043,1,Pedestrian,12.631927802200265,183,170,0.9289617486338798,0.0,0,yaw,-0.5
000043,2,Pedestrian,20.64994188853809,85,78,0.9176470588235294,0.0,0,yaw,-0.5
000043,3,Pedestrian,20.569696157211464,88,83,0.9431818181818182,0.0,0,yaw,-0.5
000048,0,Pedestrian,16.89035227578158,113,102,0.9026548672566371,0.0,0,yaw,-0.5
000048,1,Pedestrian,17.16517987088979,132,131,0.9924242424242424,0.0,0,yaw,-0.5
000048,2,Pedestrian,16.5757654423559,116,116,1.0,0.0,0,yaw,-0.5
000048,3,Cyclist,30.42289927012217,41,31,0.7560975609756098,0.0,0,yaw,-0.5
000049,0,Car,21.55469786380686,206,190,0.9223300970873787,0.0,0,yaw,-0.5
000049,1,Car,14.348257733955018,930,930,1.0,0.0,0,yaw,-0.5
000049,2,Car,22.289344988132783,140,136,0.9714285714285714,0.0,2,yaw,-0.5
000049,3,Car,25.20128964953976,79,79,1.0,0.0,2,yaw,-0.5
000049,4,Car,32.78124006196227,18,15,0.8333333333333334,0.0,2,yaw,-0.5
000049,5,Van,45.86104665181553,79,75,0.9493670886075949,0.0,3,yaw,-0.5
000049,6,Pedestrian,5.464155927496945,830,703,0.846987951807229,0.29,3,yaw,-0.5
000049,7,Car,10.398389298348086,571,571,1.0,0.0,1,yaw,-0.5
000049,8,Car,15.44416070882455,432,432,1.0,0.0,1,yaw,-0.5
000049,9,Car,20.644311565174558,198,196,0.98989898989899,0.0,2,yaw,-0.5
000049,10,Pedestrian,32.79,42,31,0.7380952380952381,0.0,0,yaw,-0.5
000049,11,Car,33.246186247447994,74,74,1.0,0.0,2,yaw,-0.5
000049,12,Car,14.42238537829301,437,437,1.0,0.07,3,yaw,-0.5
000049,13,Car,19.022000420565657,312,310,0.9935897435897436,0.0,1,yaw,-0.5
000049,15,Car,23.202450301638404,8,8,1.0,0.0,2,yaw,-0.5
000049,16,Van,35.570551021877634,261,261,1.0,0.0,3,yaw,-0.5
000049,17,Car,22.381387356462064,56,50,0.8928571428571429,0.38,3,yaw,-0.5
000061,0,Van,18.810489095183037,989,950,0.9605662285136501,0.05,3,yaw,-0.5
000061,1,Car,14.65341257182094,441,143,0.3242630385487528,0.79,3,yaw,-0.5
000061,2,Car,40.910098997680265,6,6,1.0,0.0,2,yaw,-0.5
000061,3,Car,21.145224047051382,145,145,1.0,0.14,1,yaw,-0.5
000061,4,Misc,37.18469174270509,86,73,0.8488372093023255,0.0,3,yaw,-0.5
000061,5,Van,43.67280274953738,14,11,0.7857142857142857,0.0,3,yaw,-0.5
000001,0,Truck,69.44159056358085,70,70,1.0,0.0,0,yaw,0.0
000001,1,Car,60.780926284485005,9,9,1.0,0.0,0,yaw,0.0
000001,2,Cyclist,46.06922725638015,18,18,1.0,0.0,3,yaw,0.0
000004,0,Car,41.35978360678401,77,77,1.0,0.0,0,yaw,0.0
000004,1,Car,53.58041619845819,26,26,1.0,0.0,0,yaw,0.0
000007,0,Car,25.019516382216505,191,191,1.0,0.0,0,yaw,0.0
000007,1,Car,48.126992426288176,19,19,1.0,0.0,0,yaw,0.0
000007,2,Car,60.70300239691609,5,5,1.0,0.0,0,yaw,0.0
000007,3,Cyclist,36.35443576786745,25,25,1.0,0.0,0,yaw,0.0
000008,0,Car,4.564252403187186,6237,1412,0.22639089305755972,0.88,3,yaw,0.0
000008,1,Car,7.946603047843777,1940,1940,1.0,0.0,1,yaw,0.0
000008,2,Car,7.2345421416977045,1041,871,0.8366954851104706,0.34,3,yaw,0.0
000008,3,Car,14.479589082567227,668,668,1.0,0.0,1,yaw,0.0
000008,4,Car,33.98025308911045,53,53,1.0,0.0,0,yaw,0.0
000008,5,Car,21.686677938310424,164,164,1.0,0.0,0,yaw,0.0
000009,0,Car,23.89025742850001,219,219,1.0,0.0,0,yaw,0.0
000010,0,Car,6.831171202656248,1645,277,0.16838905775075988,0.8,0,yaw,0.0
000010,1,Car,12.039605475263714,1016,1016,1.0,0.0,0,yaw,0.0
000010,2,Pedestrian,24.942112981862625,23,23,1.0,0.0,2,yaw,0.0
000010,3,Car,17.506355988611677,340,340,1.0,0.0,0,yaw,0.0
000010,4,Car,23.095441108582445,48,48,1.0,0.0,2,yaw,0.0
000010,5,Car,23.643053948252962,246,246,1.0,0.0,0,yaw,0.0
000010,6,Car,29.077044210166893,55,55,1.0,0.0,2,yaw,0.0
000010,7,Car,29.59823136607997,33,33,1.0,0.0,1,yaw,0.0
000010,8,Car,43.08564145977172,20,20,1.0,0.0,1,yaw,0.0
000011,0,Pedestrian,13.41118935814419,151,150,0.9933774834437086,0.0,1,yaw,0.0
000011,1,Pedestrian,14.482447997489928,35,35,1.0,0.0,2,yaw,0.0
000011,2,Car,27.09597940654665,208,208,1.0,0.0,0,yaw,0.0
000011,3,Pedestrian,34.150935565515624,40,40,1.0,0.0,0,yaw,0.0
000011,4,Car,6.5780924286604545,3251,207,0.06367271608735774,0.98,0,yaw,0.0
000011,5,Pedestrian,17.808113319495696,81,81,1.0,0.0,0,yaw,0.0
000012,0,Car,59.08272251682382,13,13,1.0,0.0,0,yaw,0.0
000012,1,Van,66.31078946898461,39,39,1.0,0.0,0,yaw,0.0
000015,0,Car,4.936851223198852,5857,1637,0.27949462182004436,0.89,0,yaw,0.0
000015,1,Pedestrian,8.953803661014687,386,371,0.961139896373057,0.0,1,yaw,0.0
000015,2,Pedestrian,24.265020090657252,55,49,0.8909090909090909,0.0,0,yaw,0.0
000015,3,Pedestrian,24.443780395020735,70,59,0.8428571428571429,0.0,0,yaw,0.0
000015,4,Pedestrian,23.36865635846443,66,66,1.0,0.0,0,yaw,0.0
000016,0,Car,44.60722138847027,24,24,1.0,0.0,2,yaw,0.0
000016,1,Truck,28.05990912316004,1973,1973,1.0,0.0,2,yaw,0.0
000016,2,Car,33.44507886072329,51,51,1.0,0.0,0,yaw,0.0
000016,3,Car,7.076114753167871,2051,1761,0.8586055582642613,0.5,0,yaw,0.0
000016,4,Car,47.17749145514204,10,10,1.0,0.0,0,yaw,0.0
000019,0,Truck,6.313517244769353,7634,4862,0.6368876080691642,0.74,1,yaw,0.0
000019,1,Car,10.126401137620414,1236,1236,1.0,0.0,0,yaw,0.0
000019,2,Van,35.422761044277735,106,106,1.0,0.0,0,yaw,0.0
000019,3,Car,59.71424118248511,19,19,1.0,0.0,0,yaw,0.0
000021,0,Cyclist,4.173978917052649,1484,176,0.11859838274932614,0.89,0,yaw,0.0
000021,1,Car,13.640780769442783,850,850,1.0,0.0,0,yaw,0.0
000021,2,Car,17.77949380606771,238,238,1.0,0.0,1,yaw,0.0
000021,3,Van,23.926972228010797,964,964,1.0,0.0,1,yaw,0.0
000021,4,Car,26.48156528606268,176,176,1.0,0.0,0,yaw,0.0
000021,5,Car,26.878863443233605,113,113,1.0,0.0,1,yaw,0.0
000021,6,Car,32.60922875506258,50,50,1.0,0.0,2,yaw,0.0
000021,7,Car,31.800440248524865,28,28,1.0,0.0,2,yaw,0.0
000023,0,Truck,69.291272899262,74,74,1.0,0.0,0,yaw,0.0
000023,1,Car,57.51844312913902,13,13,1.0,0.0,0,yaw,0.0
000023,2,Cyclist,44.993710671603864,20,20,1.0,0.0,3,yaw,0.0
000025,0,Car,3.970453374616053,1319,138,0.10462471569370735,0.94,3,yaw,0.0
000025,1,Car,10.65178388815695,1121,1121,1.0,0.0,0,yaw,0.0
000025,2,Car,30.190077840244136,61,61,1.0,0.0,0,yaw,0.0
000025,3,Car,17.854971296532515,316,316,1.0,0.0,0,yaw,0.0
000025,4,Cyclist,44.71587861151786,21,21,1.0,0.0,3,yaw,0.0
000025,5,Car,22.69764084657258,27,27,1.0,0.0,1,yaw,0.0
000031,0,Car,12.607632608860396,1028,1028,1.0,0.0,0,yaw,0.0
000031,1,Car,9.03792011471666,1028,1028,1.0,0.0,0,yaw,0.0
000031,2,Car,13.456210462087757,517,517,1.0,0.0,1,yaw,0.0
000031,3,Truck,22.540259537103825,328,328,1.0,0.0,2,yaw,0.0
000031,4,Car,26.54867604985228,141,141,1.0,0.0,0,yaw,0.0
000031,5,Van,51.92949547222657,32,32,1.0,0.0,0,yaw,0.0
000032,0,Car,9.652983994599804,1435,1435,1.0,0.0,0,yaw,0.0
000032,1,Car,9.138276642781175,1352,1350,0.9985207100591716,0.0,0,yaw,0.0
000032,2,Van,14.807150299770715,803,803,1.0,0.0,1,yaw,0.0
000032,3,Car,13.80878343663916,410,410,1.0,0.0,1,yaw,0.0
000032,4,Car,20.173807275772216,71,71,1.0,0.0,2,yaw,0.0
000032,5,Van,25.41070837265266,584,584,1.0,0.0,2,yaw,0.0
000032,6,Car,25.844198575308926,75,75,1.0,0.0,2,yaw,0.0
000032,7,Van,44.721862662460744,64,64,1.0,0.0,0,yaw,0.0
000032,8,Van,41.09104525319355,154,154,1.0,0.0,2,yaw,0.0
000032,9,Car,45.14646608539809,39,39,1.0,0.0,0,yaw,0.0
000043,0,Pedestrian,12.751219549517607,158,150,0.9493670886075949,0.0,0,yaw,0.0
000043,1,Pedestrian,12.631927802200265,183,182,0.994535519125683,0.0,0,yaw,0.0
000043,2,Pedestrian,20.64994188853809,85,85,1.0,0.0,0,yaw,0.0
000043,3,Pedestrian,20.569696157211464,88,86,0.9772727272727273,0.0,0,yaw,0.0
000048,0,Pedestrian,16.89035227578158,113,108,0.9557522123893806,0.0,0,yaw,0.0
000048,1,Pedestrian,17.16517987088979,132,125,0.946969696969697,0.0,0,yaw,0.0
000048,2,Pedestrian,16.5757654423559,116,96,0.8275862068965517,0.0,0,yaw,0.0
000048,3,Cyclist,30.42289927012217,41,41,1.0,0.0,0,yaw,0.0
000049,0,Car,21.55469786380686,206,206,1.0,0.0,0,yaw,0.0
000049,1,Car,14.348257733955018,930,930,1.0,0.0,0,yaw,0.0
000049,2,Car,22.289344988132783,140,140,1.0,0.0,2,yaw,0.0
000049,3,Car,25.20128964953976,79,79,1.0,0.0,2,yaw,0.0
000049,4,Car,32.78124006196227,18,18,1.0,0.0,2,yaw,0.0
000049,5,Van,45.86104665181553,79,79,1.0,0.0,3,yaw,0.0
000049,6,Pedestrian,5.464155927496945,830,690,0.8313253012048193,0.29,3,yaw,0.0
000049,7,Car,10.398389298348086,571,571,1.0,0.0,1,yaw,0.0
000049,8,Car,15.44416070882455,432,432,1.0,0.0,1,yaw,0.0
000049,9,Car,20.644311565174558,198,198,1.0,0.0,2,yaw,0.0
000049,10,Pedestrian,32.79,42,37,0.8809523809523809,0.0,0,yaw,0.0
000049,11,Car,33.246186247447994,74,74,1.0,0.0,2,yaw,0.0
000049,12,Car,14.42238537829301,437,437,1.0,0.07,3,yaw,0.0
000049,13,Car,19.022000420565657,312,312,1.0,0.0,1,yaw,0.0
000049,15,Car,23.202450301638404,8,8,1.0,0.0,2,yaw,0.0
000049,16,Van,35.570551021877634,261,261,1.0,0.0,3,yaw,0.0
000049,17,Car,22.381387356462064,56,49,0.875,0.38,3,yaw,0.0
000061,0,Van,18.810489095183037,989,989,1.0,0.05,3,yaw,0.0
000061,1,Car,14.65341257182094,441,108,0.24489795918367346,0.79,3,yaw,0.0
000061,2,Car,40.910098997680265,6,6,1.0,0.0,2,yaw,0.0
000061,3,Car,21.145224047051382,145,145,1.0,0.14,1,yaw,0.0
000061,4,Misc,37.18469174270509,86,86,1.0,0.0,3,yaw,0.0
000061,5,Van,43.67280274953738,14,14,1.0,0.0,3,yaw,0.0
000001,0,Truck,69.44159056358085,70,53,0.7571428571428571,0.0,0,yaw,0.5
000001,1,Car,60.780926284485005,9,9,1.0,0.0,0,yaw,0.5
000001,2,Cyclist,46.06922725638015,18,10,0.5555555555555556,0.0,3,yaw,0.5
000004,0,Car,41.35978360678401,77,75,0.974025974025974,0.0,0,yaw,0.5
000004,1,Car,53.58041619845819,26,22,0.8461538461538461,0.0,0,yaw,0.5
000007,0,Car,25.019516382216505,191,172,0.900523560209424,0.0,0,yaw,0.5
000007,1,Car,48.126992426288176,19,13,0.6842105263157895,0.0,0,yaw,0.5
000007,2,Car,60.70300239691609,5,3,0.6,0.0,0,yaw,0.5
000007,3,Cyclist,36.35443576786745,25,24,0.96,0.0,0,yaw,0.5
000008,0,Car,4.564252403187186,6237,1371,0.21981721981721983,0.88,3,yaw,0.5
000008,1,Car,7.946603047843777,1940,1940,1.0,0.0,1,yaw,0.5
000008,2,Car,7.2345421416977045,1041,893,0.8578290105667628,0.34,3,yaw,0.5
000008,3,Car,14.479589082567227,668,668,1.0,0.0,1,yaw,0.5
000008,4,Car,33.98025308911045,53,48,0.9056603773584906,0.0,0,yaw,0.5
000008,5,Car,21.686677938310424,164,162,0.9878048780487805,0.0,0,yaw,0.5
000009,0,Car,23.89025742850001,219,203,0.9269406392694064,0.0,0,yaw,0.5
000010,0,Car,6.831171202656248,1645,299,0.1817629179331307,0.8,0,yaw,0.5
000010,1,Car,12.039605475263714,1016,1016,1.0,0.0,0,yaw,0.5
000010,2,Pedestrian,24.942112981862625,23,19,0.8260869565217391,0.0,2,yaw,0.5
000010,3,Car,17.506355988611677,340,339,0.9970588235294118,0.0,0,yaw,0.5
000010,4,Car,23.095441108582445,48,47,0.9791666666666666,0.0,2,yaw,0.5
000010,5,Car,23.643053948252962,246,246,1.0,0.0,0,yaw,0.5
000010,6,Car,29.077044210166893,55,55,1.0,0.0,2,yaw,0.5
000010,7,Car,29.59823136607997,33,27,0.8181818181818182,0.0,1,yaw,0.5
000010,8,Car,43.08564145977172,20,20,1.0,0.0,1,yaw,0.5
000011,0,Pedestrian,13.41118935814419,151,141,0.9337748344370861,0.0,1,yaw,0.5
000011,1,Pedestrian,14.482447997489928,35,35,1.0,0.0,2,yaw,0.5
000011,2,Car,27.09597940654665,208,199,0.9567307692307693,0.0,0,yaw,0.5
000011,3,Pedestrian,34.150935565515624,40,21,0.525,0.0,0,yaw,0.5
000011,4,Car,6.5780924286604545,3251,172,0.0529067979083359,0.98,0,yaw,0.5
000011,5,Pedestrian,17.808113319495696,81,66,0.8148148148148148,0.0,0,yaw,0.5
000012,0,Car,59.08272251682382,13,13,1.0,0.0,0,yaw,0.5
000012,1,Van,66.31078946898461,39,35,0.8974358974358975,0.0,0,yaw,0.5
000015,0,Car,4.936851223198852,5857,1612,0.27522622502987876,0.89,0,yaw,0.5
000015,1,Pedestrian,8.953803661014687,386,330,0.8549222797927462,0.0,1,yaw,0.5
000015,2,Pedestrian,24.265020090657252,55,19,0.34545454545454546,0.0,0,yaw,0.5
000015,3,Pedestrian,24.443780395020735,70,31,0.44285714285714284,0.0,0,yaw,0.5
000015,4,Pedestrian,23.36865635846443,66,50,0.7575757575757576,0.0,0,yaw,0.5
000016,0,Car,44.60722138847027,24,18,0.75,0.0,2,yaw,0.5
000016,1,Truck,28.05990912316004,1973,1964,0.9954384186517993,0.0,2,yaw,0.5
000016,2,Car,33.44507886072329,51,46,0.9019607843137255,0.0,0,yaw,0.5
000016,3,Car,7.076114753167871,2051,1706,0.8317893710385178,0.5,0,yaw,0.5
000016,4,Car,47.17749145514204,10,8,0.8,0.0,0,yaw,0.5
000019,0,Truck,6.313517244769353,7634,4765,0.6241812942101127,0.74,1,yaw,0.5
000019,1,Car,10.126401137620414,1236,1236,1.0,0.0,0,yaw,0.5
000019,2,Van,35.422761044277735,106,99,0.9339622641509434,0.0,0,yaw,0.5
000019,3,Car,59.71424118248511,19,13,0.6842105263157895,0.0,0,yaw,0.5
000021,0,Cyclist,4.173978917052649,1484,229,0.15431266846361186,0.89,0,yaw,0.5
000021,1,Car,13.640780769442783,850,850,1.0,0.0,0,yaw,0.5
000021,2,Car,17.77949380606771,238,238,1.0,0.0,1,yaw,0.5
000021,3,Van,23.926972228010797,964,963,0.9989626556016598,0.0,1,yaw,0.5
000021,4,Car,26.48156528606268,176,175,0.9943181818181818,0.0,0,yaw,0.5
000021,5,Car,26.878863443233605,113,113,1.0,0.0,1,yaw,0.5
000021,6,Car,32.60922875506258,50,47,0.94,0.0,2,yaw,0.5
000021,7,Car,31.800440248524865,28,28,1.0,0.0,2,yaw,0.5
000023,0,Truck,69.291272899262,74,61,0.8243243243243243,0.0,0,yaw,0.5
000023,1,Car,57.51844312913902,13,11,0.8461538461538461,0.0,0,yaw,0.5
000023,2,Cyclist,44.993710671603864,20,12,0.6,0.0,3,yaw,0.5
000025,0,Car,3.970453374616053,1319,146,0.1106899166034875,0.94,3,yaw,0.5
000025,1,Car,10.65178388815695,1121,1118,0.9973238180196253,0.0,0,yaw,0.5
000025,2,Car,30.190077840244136,61,56,0.9180327868852459,0.0,0,yaw,0.5
000025,3,Car,17.854971296532515,316,312,0.9873417721518988,0.0,0,yaw,0.5
000025,4,Cyclist,44.71587861151786,21,5,0.23809523809523808,0.0,3,yaw,0.5
000025,5,Car,22.69764084657258,27,14,0.5185185185185185,0.0,1,yaw,0.5
000031,0,Car,12.607632608860396,1028,1025,0.9970817120622568,0.0,0,yaw,0.5
000031,1,Car,9.03792011471666,1028,1028,1.0,0.0,0,yaw,0.5
000031,2,Car,13.456210462087757,517,508,0.9825918762088974,0.0,1,yaw,0.5
000031,3,Truck,22.540259537103825,328,320,0.975609756097561,0.0,2,yaw,0.5
000031,4,Car,26.54867604985228,141,131,0.9290780141843972,0.0,0,yaw,0.5
000031,5,Van,51.92949547222657,32,28,0.875,0.0,0,yaw,0.5
000032,0,Car,9.652983994599804,1435,1435,1.0,0.0,0,yaw,0.5
000032,1,Car,9.138276642781175,1352,1352,1.0,0.0,0,yaw,0.5
000032,2,Van,14.807150299770715,803,803,1.0,0.0,1,yaw,0.5
000032,3,Car,13.80878343663916,410,410,1.0,0.0,1,yaw,0.5
000032,4,Car,20.173807275772216,71,59,0.8309859154929577,0.0,2,yaw,0.5
000032,5,Van,25.41070837265266,584,584,1.0,0.0,2,yaw,0.5
000032,6,Car,25.844198575308926,75,75,1.0,0.0,2,yaw,0.5
000032,7,Van,44.721862662460744,64,58,0.90625,0.0,0,yaw,0.5
000032,8,Van,41.09104525319355,154,153,0.9935064935064936,0.0,2,yaw,0.5
000032,9,Car,45.14646608539809,39,34,0.8717948717948718,0.0,0,yaw,0.5
000043,0,Pedestrian,12.751219549517607,158,137,0.8670886075949367,0.0,0,yaw,0.5
000043,1,Pedestrian,12.631927802200265,183,149,0.8142076502732241,0.0,0,yaw,0.5
000043,2,Pedestrian,20.64994188853809,85,67,0.788235294117647,0.0,0,yaw,0.5
000043,3,Pedestrian,20.569696157211464,88,66,0.75,0.0,0,yaw,0.5
000048,0,Pedestrian,16.89035227578158,113,83,0.7345132743362832,0.0,0,yaw,0.5
000048,1,Pedestrian,17.16517987088979,132,105,0.7954545454545454,0.0,0,yaw,0.5
000048,2,Pedestrian,16.5757654423559,116,61,0.5258620689655172,0.0,0,yaw,0.5
000048,3,Cyclist,30.42289927012217,41,37,0.9024390243902439,0.0,0,yaw,0.5
000049,0,Car,21.55469786380686,206,190,0.9223300970873787,0.0,0,yaw,0.5
000049,1,Car,14.348257733955018,930,925,0.9946236559139785,0.0,0,yaw,0.5
000049,2,Car,22.289344988132783,140,140,1.0,0.0,2,yaw,0.5
000049,3,Car,25.20128964953976,79,79,1.0,0.0,2,yaw,0.5
000049,4,Car,32.78124006196227,18,18,1.0,0.0,2,yaw,0.5
000049,5,Van,45.86104665181553,79,79,1.0,0.0,3,yaw,0.5
000049,6,Pedestrian,5.464155927496945,830,671,0.808433734939759,0.29,3,yaw,0.5
000049,7,Car,10.398389298348086,571,565,0.989492119089317,0.0,1,yaw,0.5
000049,8,Car,15.44416070882455,432,426,0.9861111111111112,0.0,1,yaw,0.5
000049,9,Car,20.644311565174558,198,195,0.9848484848484849,0.0,2,yaw,0.5
000049,10,Pedestrian,32.79,42,24,0.5714285714285714,0.0,0,yaw,0.5
000049,11,Car,33.246186247447994,74,74,1.0,0.0,2,yaw,0.5
000049,12,Car,14.42238537829301,437,437,1.0,0.07,3,yaw,0.5
000049,13,Car,19.022000420565657,312,312,1.0,0.0,1,yaw,0.5
000049,15,Car,23.202450301638404,8,8,1.0,0.0,2,yaw,0.5
000049,16,Van,35.570551021877634,261,250,0.9578544061302682,0.0,3,yaw,0.5
000049,17,Car,22.381387356462064,56,48,0.8571428571428571,0.38,3,yaw,0.5
000061,0,Van,18.810489095183037,989,987,0.9979777553083923,0.05,3,yaw,0.5
000061,1,Car,14.65341257182094,441,73,0.1655328798185941,0.79,3,yaw,0.5
000061,2,Car,40.910098997680265,6,6,1.0,0.0,2,yaw,0.5
000061,3,Car,21.145224047051382,145,145,1.0,0.14,1,yaw,0.5
000061,4,Misc,37.18469174270509,86,77,0.8953488372093024,0.0,3,yaw,0.5
000061,5,Van,43.67280274953738,14,11,0.7857142857142857,0.0,3,yaw,0.5
000001,0,Truck,69.44159056358085,70,38,0.5428571428571428,0.0,0,yaw,1.0
000001,1,Car,60.780926284485005,9,3,0.3333333333333333,0.0,0,yaw,1.0
000001,2,Cyclist,46.06922725638015,18,0,0.0,0.0,3,yaw,1.0
000004,0,Car,41.35978360678401,77,65,0.8441558441558441,0.0,0,yaw,1.0
000004,1,Car,53.58041619845819,26,17,0.6538461538461539,0.0,0,yaw,1.0
000007,0,Car,25.019516382216505,191,150,0.7853403141361257,0.0,0,yaw,1.0
000007,1,Car,48.126992426288176,19,10,0.5263157894736842,0.0,0,yaw,1.0
000007,2,Car,60.70300239691609,5,1,0.2,0.0,0,yaw,1.0
000007,3,Cyclist,36.35443576786745,25,11,0.44,0.0,0,yaw,1.0
000008,0,Car,4.564252403187186,6237,1325,0.21244187910854578,0.88,3,yaw,1.0
000008,1,Car,7.946603047843777,1940,1940,1.0,0.0,1,yaw,1.0
000008,2,Car,7.2345421416977045,1041,899,0.8635926993275697,0.34,3,yaw,1.0
000008,3,Car,14.479589082567227,668,655,0.9805389221556886,0.0,1,yaw,1.0
000008,4,Car,33.98025308911045,53,40,0.7547169811320755,0.0,0,yaw,1.0
000008,5,Car,21.686677938310424,164,142,0.8658536585365854,0.0,0,yaw,1.0
000009,0,Car,23.89025742850001,219,180,0.821917808219178,0.0,0,yaw,1.0
000010,0,Car,6.831171202656248,1645,311,0.1890577507598784,0.8,0,yaw,1.0
000010,1,Car,12.039605475263714,1016,1016,1.0,0.0,0,yaw,1.0
000010,2,Pedestrian,24.942112981862625,23,7,0.30434782608695654,0.0,2,yaw,1.0
000010,3,Car,17.506355988611677,340,326,0.9588235294117647,0.0,0,yaw,1.0
000010,4,Car,23.095441108582445,48,30,0.625,0.0,2,yaw,1.0
000010,5,Car,23.643053948252962,246,232,0.943089430894309,0.0,0,yaw,1.0
000010,6,Car,29.077044210166893,55,53,0.9636363636363636,0.0,2,yaw,1.0
000010,7,Car,29.59823136607997,33,19,0.5757575757575758,0.0,1,yaw,1.0
000010,8,Car,43.08564145977172,20,17,0.85,0.0,1,yaw,1.0
000011,0,Pedestrian,13.41118935814419,151,124,0.8211920529801324,0.0,1,yaw,1.0
000011,1,Pedestrian,14.482447997489928,35,35,1.0,0.0,2,yaw,1.0
000011,2,Car,27.09597940654665,208,178,0.8557692307692307,0.0,0,yaw,1.0
000011,3,Pedestrian,34.150935565515624,40,3,0.075,0.0,0,yaw,1.0
000011,4,Car,6.5780924286604545,3251,140,0.04306367271608736,0.98,0,yaw,1.0
000011,5,Pedestrian,17.808113319495696,81,28,0.345679012345679,0.0,0,yaw,1.0
000012,0,Car,59.08272251682382,13,11,0.8461538461538461,0.0,0,yaw,1.0
000012,1,Van,66.31078946898461,39,23,0.5897435897435898,0.0,0,yaw,1.0
000015,0,Car,4.936851223198852,5857,1589,0.2712992999829264,0.89,0,yaw,1.0
000015,1,Pedestrian,8.953803661014687,386,269,0.6968911917098446,0.0,1,yaw,1.0
000015,2,Pedestrian,24.265020090657252,55,0,0.0,0.0,0,yaw,1.0
000015,3,Pedestrian,24.443780395020735,70,6,0.08571428571428572,0.0,0,yaw,1.0
000015,4,Pedestrian,23.36865635846443,66,17,0.25757575757575757,0.0,0,yaw,1.0
000016,0,Car,44.60722138847027,24,11,0.4583333333333333,0.0,2,yaw,1.0
000016,1,Truck,28.05990912316004,1973,1932,0.9792194627470857,0.0,2,yaw,1.0
000016,2,Car,33.44507886072329,51,38,0.7450980392156863,0.0,0,yaw,1.0
000016,3,Car,7.076114753167871,2051,1642,0.8005850804485617,0.5,0,yaw,1.0
000016,4,Car,47.17749145514204,10,7,0.7,0.0,0,yaw,1.0
000019,0,Truck,6.313517244769353,7634,4683,0.6134398742467907,0.74,1,yaw,1.0
000019,1,Car,10.126401137620414,1236,1226,0.9919093851132686,0.0,0,yaw,1.0
000019,2,Van,35.422761044277735,106,78,0.7358490566037735,0.0,0,yaw,1.0
000019,3,Car,59.71424118248511,19,6,0.3157894736842105,0.0,0,yaw,1.0
000021,0,Cyclist,4.173978917052649,1484,274,0.18463611859838275,0.89,0,yaw,1.0
000021,1,Car,13.640780769442783,850,845,0.9941176470588236,0.0,0,yaw,1.0
000021,2,Car,17.77949380606771,238,238,1.0,0.0,1,yaw,1.0
000021,3,Van,23.926972228010797,964,923,0.9574688796680498,0.0,1,yaw,1.0
000021,4,Car,26.48156528606268,176,161,0.9147727272727273,0.0,0,yaw,1.0
000021,5,Car,26.878863443233605,113,113,1.0,0.0,1,yaw,1.0
000021,6,Car,32.60922875506258,50,40,0.8,0.0,2,yaw,1.0
000021,7,Car,31.800440248524865,28,28,1.0,0.0,2,yaw,1.0
000023,0,Truck,69.291272899262,74,43,0.581081081081081,0.0,0,yaw,1.0
000023,1,Car,57.51844312913902,13,7,0.5384615384615384,0.0,0,yaw,1.0
000023,2,Cyclist,44.993710671603864,20,0,0.0,0.0,3,yaw,1.0
000025,0,Car,3.970453374616053,1319,156,0.11827141774071266,0.94,3,yaw,1.0
000025,1,Car,10.65178388815695,1121,1095,0.9768064228367529,0.0,0,yaw,1.0
000025,2,Car,30.190077840244136,61,48,0.7868852459016393,0.0,0,yaw,1.0
000025,3,Car,17.854971296532515,316,293,0.9272151898734177,0.0,0,yaw,1.0
000025,4,Cyclist,44.71587861151786,21,0,0.0,0.0,3,yaw,1.0
000025,5,Car,22.69764084657258,27,2,0.07407407407407407,0.0,1,yaw,1.0
000031,0,Car,12.607632608860396,1028,1000,0.9727626459143969,0.0,0,yaw,1.0
000031,1,Car,9.03792011471666,1028,1017,0.9892996108949417,0.0,0,yaw,1.0
000031,2,Car,13.456210462087757,517,491,0.9497098646034816,0.0,1,yaw,1.0
000031,3,Truck,22.540259537103825,328,304,0.926829268292683,0.0,2,yaw,1.0
000031,4,Car,26.54867604985228,141,110,0.7801418439716312,0.0,0,yaw,1.0
000031,5,Van,51.92949547222657,32,19,0.59375,0.0,0,yaw,1.0
000032,0,Car,9.652983994599804,1435,1435,1.0,0.0,0,yaw,1.0
000032,1,Car,9.138276642781175,1352,1334,0.9866863905325444,0.0,0,yaw,1.0
000032,2,Van,14.807150299770715,803,803,1.0,0.0,1,yaw,1.0
000032,3,Car,13.80878343663916,410,395,0.9634146341463414,0.0,1,yaw,1.0
000032,4,Car,20.173807275772216,71,46,0.647887323943662,0.0,2,yaw,1.0
000032,5,Van,25.41070837265266,584,584,1.0,0.0,2,yaw,1.0
000032,6,Car,25.844198575308926,75,73,0.9733333333333334,0.0,2,yaw,1.0
000032,7,Van,44.721862662460744,64,43,0.671875,0.0,0,yaw,1.0
000032,8,Van,41.09104525319355,154,135,0.8766233766233766,0.0,2,yaw,1.0
000032,9,Car,45.14646608539809,39,25,0.6410256410256411,0.0,0,yaw,1.0
000043,0,Pedestrian,12.751219549517607,158,88,0.5569620253164557,0.0,0,yaw,1.0
000043,1,Pedestrian,12.631927802200265,183,104,0.5683060109289617,0.0,0,yaw,1.0
000043,2,Pedestrian,20.64994188853809,85,36,0.4235294117647059,0.0,0,yaw,1.0
000043,3,Pedestrian,20.569696157211464,88,24,0.2727272727272727,0.0,0,yaw,1.0
000048,0,Pedestrian,16.89035227578158,113,36,0.3185840707964602,0.0,0,yaw,1.0
000048,1,Pedestrian,17.16517987088979,132,69,0.5227272727272727,0.0,0,yaw,1.0
000048,2,Pedestrian,16.5757654423559,116,19,0.16379310344827586,0.0,0,yaw,1.0
000048,3,Cyclist,30.42289927012217,41,18,0.43902439024390244,0.0,0,yaw,1.0
000049,0,Car,21.55469786380686,206,165,0.8009708737864077,0.0,0,yaw,1.0
000049,1,Car,14.348257733955018,930,903,0.9709677419354839,0.0,0,yaw,1.0
000049,2,Car,22.289344988132783,140,140,1.0,0.0,2,yaw,1.0
000049,3,Car,25.20128964953976,79,79,1.0,0.0,2,yaw,1.0
000049,4,Car,32.78124006196227,18,18,1.0,0.0,2,yaw,1.0
000049,5,Van,45.86104665181553,79,76,0.9620253164556962,0.0,3,yaw,1.0
000049,6,Pedestrian,5.464155927496945,830,649,0.7819277108433735,0.29,3,yaw,1.0
000049,7,Car,10.398389298348086,571,543,0.9509632224168126,0.0,1,yaw,1.0
000049,8,Car,15.44416070882455,432,406,0.9398148148148148,0.0,1,yaw,1.0
000049,9,Car,20.644311565174558,198,167,0.8434343434343434,0.0,2,yaw,1.0
000049,10,Pedestrian,32.79,42,2,0.047619047619047616,0.0,0,yaw,1.0
000049,11,Car,33.246186247447994,74,74,1.0,0.0,2,yaw,1.0
000049,12,Car,14.42238537829301,437,437,1.0,0.07,3,yaw,1.0
000049,13,Car,19.022000420565657,312,312,1.0,0.0,1,yaw,1.0
000049,15,Car,23.202450301638404,8,8,1.0,0.0,2,yaw,1.0
000049,16,Van,35.570551021877634,261,235,0.9003831417624522,0.0,3,yaw,1.0
000049,17,Car,22.381387356462064,56,41,0.7321428571428571,0.38,3,yaw,1.0
000061,0,Van,18.810489095183037,989,959,0.9696663296258847,0.05,3,yaw,1.0
000061,1,Car,14.65341257182094,441,34,0.07709750566893424,0.79,3,yaw,1.0
000061,2,Car,40.910098997680265,6,4,0.6666666666666666,0.0,2,yaw,1.0
000061,3,Car,21.145224047051382,145,144,0.993103448275862,0.14,1,yaw,1.0
000061,4,Misc,37.18469174270509,86,63,0.7325581395348837,0.0,3,yaw,1.0
000061,5,Van,43.67280274953738,14,9,0.6428571428571429,0.0,3,yaw,1.0
000001,0,Truck,69.44159056358085,70,7,0.1,0.0,0,yaw,2.0
000001,1,Car,60.780926284485005,9,0,0.0,0.0,0,yaw,2.0
000001,2,Cyclist,46.06922725638015,18,0,0.0,0.0,3,yaw,2.0
000004,0,Car,41.35978360678401,77,47,0.6103896103896104,0.0,0,yaw,2.0
000004,1,Car,53.58041619845819,26,9,0.34615384615384615,0.0,0,yaw,2.0
000007,0,Car,25.019516382216505,191,98,0.5130890052356021,0.0,0,yaw,2.0
000007,1,Car,48.126992426288176,19,1,0.05263157894736842,0.0,0,yaw,2.0
000007,2,Car,60.70300239691609,5,0,0.0,0.0,0,yaw,2.0
000007,3,Cyclist,36.35443576786745,25,0,0.0,0.0,0,yaw,2.0
000008,0,Car,4.564252403187186,6237,1244,0.1994548661215328,0.88,3,yaw,2.0
000008,1,Car,7.946603047843777,1940,1928,0.9938144329896907,0.0,1,yaw,2.0
000008,2,Car,7.2345421416977045,1041,883,0.8482228626320846,0.34,3,yaw,2.0
000008,3,Car,14.479589082567227,668,577,0.8637724550898204,0.0,1,yaw,2.0
000008,4,Car,33.98025308911045,53,17,0.32075471698113206,0.0,0,yaw,2.0
000008,5,Car,21.686677938310424,164,99,0.6036585365853658,0.0,0,yaw,2.0
000009,0,Car,23.89025742850001,219,120,0.547945205479452,0.0,0,yaw,2.0
000010,0,Car,6.831171202656248,1645,338,0.20547112462006079,0.8,0,yaw,2.0
000010,1,Car,12.039605475263714,1016,984,0.968503937007874,0.0,0,yaw,2.0
000010,2,Pedestrian,24.942112981862625,23,0,0.0,0.0,2,yaw,2.0
000010,3,Car,17.506355988611677,340,297,0.8735294117647059,0.0,0,yaw,2.0
000010,4,Car,23.095441108582445,48,12,0.25,0.0,2,yaw,2.0
000010,5,Car,23.643053948252962,246,187,0.7601626016260162,0.0,0,yaw,2.0
000010,6,Car,29.077044210166893,55,49,0.8909090909090909,0.0,2,yaw,2.0
000010,7,Car,29.59823136607997,33,4,0.12121212121212122,0.0,1,yaw,2.0
000010,8,Car,43.08564145977172,20,5,0.25,0.0,1,yaw,2.0
000011,0,Pedestrian,13.41118935814419,151,44,0.2913907284768212,0.0,1,yaw,2.0
000011,1,Pedestrian,14.482447997489928,35,21,0.6,0.0,2,yaw,2.0
000011,2,Car,27.09597940654665,208,127,0.6105769230769231,0.0,0,yaw,2.0
000011,3,Pedestrian,34.150935565515624,40,0,0.0,0.0,0,yaw,2.0
000011,4,Car,6.5780924286604545,3251,77,0.023685019993848047,0.98,0,yaw,2.0
000011,5,Pedestrian,17.808113319495696,81,0,0.0,0.0,0,yaw,2.0
000012,0,Car,59.08272251682382,13,1,0.07692307692307693,0.0,0,yaw,2.0
000012,1,Van,66.31078946898461,39,4,0.10256410256410256,0.0,0,yaw,2.0
000015,0,Car,4.936851223198852,5857,1547,0.2641283933754482,0.89,0,yaw,2.0
000015,1,Pedestrian,8.953803661014687,386,126,0.32642487046632124,0.0,1,yaw,2.0
000015,2,Pedestrian,24.265020090657252,55,0,0.0,0.0,0,yaw,2.0
000015,3,Pedestrian,24.443780395020735,70,0,0.0,0.0,0,yaw,2.0
000015,4,Pedestrian,23.36865635846443,66,0,0.0,0.0,0,yaw,2.0
000016,0,Car,44.60722138847027,24,0,0.0,0.0,2,yaw,2.0
000016,1,Truck,28.05990912316004,1973,1872,0.9488089204257476,0.0,2,yaw,2.0
000016,2,Car,33.44507886072329,51,22,0.43137254901960786,0.0,0,yaw,2.0
000016,3,Car,7.076114753167871,2051,1516,0.7391516333495856,0.5,0,yaw,2.0
000016,4,Car,47.17749145514204,10,1,0.1,0.0,0,yaw,2.0
000019,0,Truck,6.313517244769353,7634,4487,0.5877652606759235,0.74,1,yaw,2.0
000019,1,Car,10.126401137620414,1236,1162,0.9401294498381877,0.0,0,yaw,2.0
000019,2,Van,35.422761044277735,106,42,0.39622641509433965,0.0,0,yaw,2.0
000019,3,Car,59.71424118248511,19,0,0.0,0.0,0,yaw,2.0
000021,0,Cyclist,4.173978917052649,1484,380,0.2560646900269542,0.89,0,yaw,2.0
000021,1,Car,13.640780769442783,850,789,0.928235294117647,0.0,0,yaw,2.0
000021,2,Car,17.77949380606771,238,236,0.9915966386554622,0.0,1,yaw,2.0
000021,3,Van,23.926972228010797,964,904,0.9377593360995851,0.0,1,yaw,2.0
000021,4,Car,26.48156528606268,176,122,0.6931818181818182,0.0,0,yaw,2.0
000021,5,Car,26.878863443233605,113,88,0.7787610619469026,0.0,1,yaw,2.0
000021,6,Car,32.60922875506258,50,14,0.28,0.0,2,yaw,2.0
000021,7,Car,31.800440248524865,28,28,1.0,0.0,2,yaw,2.0
000023,0,Truck,69.291272899262,74,10,0.13513513513513514,0.0,0,yaw,2.0
000023,1,Car,57.51844312913902,13,0,0.0,0.0,0,yaw,2.0
000023,2,Cyclist,44.993710671603864,20,0,0.0,0.0,3,yaw,2.0
000025,0,Car,3.970453374616053,1319,155,0.11751326762699014,0.94,3,yaw,2.0
000025,1,Car,10.65178388815695,1121,1015,0.9054415700267618,0.0,0,yaw,2.0
000025,2,Car,30.190077840244136,61,25,0.4098360655737705,0.0,0,yaw,2.0
000025,3,Car,17.854971296532515,316,233,0.7373417721518988,0.0,0,yaw,2.0
000025,4,Cyclist,44.71587861151786,21,0,0.0,0.0,3,yaw,2.0
000025,5,Car,22.69764084657258,27,0,0.0,0.0,1,yaw,2.0
000031,0,Car,12.607632608860396,1028,903,0.8784046692607004,0.0,0,yaw,2.0
000031,1,Car,9.03792011471666,1028,977,0.9503891050583657,0.0,0,yaw,2.0
000031,2,Car,13.456210462087757,517,432,0.8355899419729207,0.0,1,yaw,2.0
000031,3,Truck,22.540259537103825,328,255,0.7774390243902439,0.0,2,yaw,2.0
000031,4,Car,26.54867604985228,141,68,0.48226950354609927,0.0,0,yaw,2.0
000031,5,Van,51.92949547222657,32,3,0.09375,0.0,0,yaw,2.0
000032,0,Car,9.652983994599804,1435,1420,0.9895470383275261,0.0,0,yaw,2.0
000032,1,Car,9.138276642781175,1352,1274,0.9423076923076923,0.0,0,yaw,2.0
000032,2,Van,14.807150299770715,803,788,0.9813200498132005,0.0,1,yaw,2.0
000032,3,Car,13.80878343663916,410,352,0.8585365853658536,0.0,1,yaw,2.0
000032,4,Car,20.173807275772216,71,18,0.2535211267605634,0.0,2,yaw,2.0
000032,5,Van,25.41070837265266,584,584,1.0,0.0,2,yaw,2.0
000032,6,Car,25.844198575308926,75,56,0.7466666666666667,0.0,2,yaw,2.0
000032,7,Van,44.721862662460744,64,15,0.234375,0.0,0,yaw,2.0
000032,8,Van,41.09104525319355,154,110,0.7142857142857143,0.0,2,yaw,2.0
000032,9,Car,45.14646608539809,39,8,0.20512820512820512,0.0,0,yaw,2.0
000043,0,Pedestrian,12.751219549517607,158,10,0.06329113924050633,0.0,0,yaw,2.0
000043,1,Pedestrian,12.631927802200265,183,6,0.03278688524590164,0.0,0,yaw,2.0
000043,2,Pedestrian,20.64994188853809,85,0,0.0,0.0,0,yaw,2.0
000043,3,Pedestrian,20.569696157211464,88,1,0.011363636363636364,0.0,0,yaw,2.0
000048,0,Pedestrian,16.89035227578158,113,2,0.017699115044247787,0.0,0,yaw,2.0
000048,1,Pedestrian,17.16517987088979,132,0,0.0,0.0,0,yaw,2.0
000048,2,Pedestrian,16.5757654423559,116,0,0.0,0.0,0,yaw,2.0
000048,3,Cyclist,30.42289927012217,41,0,0.0,0.0,0,yaw,2.0
000049,0,Car,21.55469786380686,206,116,0.5631067961165048,0.0,0,yaw,2.0
000049,1,Car,14.348257733955018,930,854,0.9182795698924732,0.0,0,yaw,2.0
000049,2,Car,22.289344988132783,140,140,1.0,0.0,2,yaw,2.0
000049,3,Car,25.20128964953976,79,79,1.0,0.0,2,yaw,2.0
000049,4,Car,32.78124006196227,18,18,1.0,0.0,2,yaw,2.0
000049,5,Van,45.86104665181553,79,69,0.8734177215189873,0.0,3,yaw,2.0
000049,6,Pedestrian,5.464155927496945,830,561,0.6759036144578313,0.29,3,yaw,2.0
000049,7,Car,10.398389298348086,571,495,0.8669001751313485,0.0,1,yaw,2.0
000049,8,Car,15.44416070882455,432,359,0.8310185185185185,0.0,1,yaw,2.0
000049,9,Car,20.644311565174558,198,102,0.5151515151515151,0.0,2,yaw,2.0
000049,10,Pedestrian,32.79,42,0,0.0,0.0,0,yaw,2.0
000049,11,Car,33.246186247447994,74,73,0.9864864864864865,0.0,2,yaw,2.0
000049,12,Car,14.42238537829301,437,421,0.9633867276887872,0.07,3,yaw,2.0
000049,13,Car,19.022000420565657,312,311,0.9967948717948718,0.0,1,yaw,2.0
000049,15,Car,23.202450301638404,8,8,1.0,0.0,2,yaw,2.0
000049,16,Van,35.570551021877634,261,199,0.7624521072796935,0.0,3,yaw,2.0
000049,17,Car,22.381387356462064,56,20,0.35714285714285715,0.38,3,yaw,2.0
000061,0,Van,18.810489095183037,989,855,0.8645096056622852,0.05,3,yaw,2.0
000061,1,Car,14.65341257182094,441,0,0.0,0.79,3,yaw,2.0
000061,2,Car,40.910098997680265,6,0,0.0,0.0,2,yaw,2.0
000061,3,Car,21.145224047051382,145,121,0.8344827586206897,0.14,1,yaw,2.0
000061,4,Misc,37.18469174270509,86,41,0.47674418604651164,0.0,3,yaw,2.0
000061,5,Van,43.67280274953738,14,5,0.35714285714285715,0.0,3,yaw,2.0
000001,0,Truck,69.44159056358085,70,0,0.0,0.0,0,yaw,3.0
000001,1,Car,60.780926284485005,9,0,0.0,0.0,0,yaw,3.0
000001,2,Cyclist,46.06922725638015,18,0,0.0,0.0,3,yaw,3.0
000004,0,Car,41.35978360678401,77,21,0.2727272727272727,0.0,0,yaw,3.0
000004,1,Car,53.58041619845819,26,0,0.0,0.0,0,yaw,3.0
000007,0,Car,25.019516382216505,191,42,0.2198952879581152,0.0,0,yaw,3.0
000007,1,Car,48.126992426288176,19,0,0.0,0.0,0,yaw,3.0
000007,2,Car,60.70300239691609,5,0,0.0,0.0,0,yaw,3.0
000007,3,Cyclist,36.35443576786745,25,0,0.0,0.0,0,yaw,3.0
000008,0,Car,4.564252403187186,6237,1173,0.18807118807118808,0.88,3,yaw,3.0
000008,1,Car,7.946603047843777,1940,1894,0.9762886597938144,0.0,1,yaw,3.0
000008,2,Car,7.2345421416977045,1041,878,0.8434197886647454,0.34,3,yaw,3.0
000008,3,Car,14.479589082567227,668,487,0.7290419161676647,0.0,1,yaw,3.0
000008,4,Car,33.98025308911045,53,3,0.05660377358490566,0.0,0,yaw,3.0
000008,5,Car,21.686677938310424,164,62,0.3780487804878049,0.0,0,yaw,3.0
000009,0,Car,23.89025742850001,219,66,0.3013698630136986,0.0,0,yaw,3.0
000010,0,Car,6.831171202656248,1645,395,0.24012158054711247,0.8,0,yaw,3.0
000010,1,Car,12.039605475263714,1016,923,0.9084645669291339,0.0,0,yaw,3.0
000010,2,Pedestrian,24.942112981862625,23,0,0.0,0.0,2,yaw,3.0
000010,3,Car,17.506355988611677,340,237,0.6970588235294117,0.0,0,yaw,3.0
000010,4,Car,23.095441108582445,48,6,0.125,0.0,2,yaw,3.0
000010,5,Car,23.643053948252962,246,129,0.524390243902439,0.0,0,yaw,3.0
000010,6,Car,29.077044210166893,55,33,0.6,0.0,2,yaw,3.0
000010,7,Car,29.59823136607997,33,0,0.0,0.0,1,yaw,3.0
000010,8,Car,43.08564145977172,20,2,0.1,0.0,1,yaw,3.0
000011,0,Pedestrian,13.41118935814419,151,10,0.06622516556291391,0.0,1,yaw,3.0
000011,1,Pedestrian,14.482447997489928,35,6,0.17142857142857143,0.0,2,yaw,3.0
000011,2,Car,27.09597940654665,208,76,0.36538461538461536,0.0,0,yaw,3.0
000011,3,Pedestrian,34.150935565515624,40,0,0.0,0.0,0,yaw,3.0
000011,4,Car,6.5780924286604545,3251,22,0.00676714856967087,0.98,0,yaw,3.0
000011,5,Pedestrian,17.808113319495696,81,0,0.0,0.0,0,yaw,3.0
000012,0,Car,59.08272251682382,13,0,0.0,0.0,0,yaw,3.0
000012,1,Van,66.31078946898461,39,0,0.0,0.0,0,yaw,3.0
000015,0,Car,4.936851223198852,5857,1512,0.25815263786921633,0.89,0,yaw,3.0
000015,1,Pedestrian,8.953803661014687,386,26,0.06735751295336788,0.0,1,yaw,3.0
000015,2,Pedestrian,24.265020090657252,55,0,0.0,0.0,0,yaw,3.0
000015,3,Pedestrian,24.443780395020735,70,0,0.0,0.0,0,yaw,3.0
000015,4,Pedestrian,23.36865635846443,66,0,0.0,0.0,0,yaw,3.0
000016,0,Car,44.60722138847027,24,0,0.0,0.0,2,yaw,3.0
000016,1,Truck,28.05990912316004,1973,1802,0.9133299543841865,0.0,2,yaw,3.0
000016,2,Car,33.44507886072329,51,1,0.0196078431372549,0.0,0,yaw,3.0
000016,3,Car,7.076114753167871,2051,1397,0.6811311555338859,0.5,0,yaw,3.0
000016,4,Car,47.17749145514204,10,0,0.0,0.0,0,yaw,3.0
000019,0,Truck,6.313517244769353,7634,4283,0.5610427036940006,0.74,1,yaw,3.0
000019,1,Car,10.126401137620414,1236,1098,0.8883495145631068,0.0,0,yaw,3.0
000019,2,Van,35.422761044277735,106,13,0.12264150943396226,0.0,0,yaw,3.0
000019,3,Car,59.71424118248511,19,0,0.0,0.0,0,yaw,3.0
000021,0,Cyclist,4.173978917052649,1484,473,0.318733153638814,0.89,0,yaw,3.0
000021,1,Car,13.640780769442783,850,717,0.8435294117647059,0.0,0,yaw,3.0
000021,2,Car,17.77949380606771,238,227,0.9537815126050421,0.0,1,yaw,3.0
000021,3,Van,23.926972228010797,964,829,0.8599585062240664,0.0,1,yaw,3.0
000021,4,Car,26.48156528606268,176,77,0.4375,0.0,0,yaw,3.0
000021,5,Car,26.878863443233605,113,51,0.45132743362831856,0.0,1,yaw,3.0
000021,6,Car,32.60922875506258,50,7,0.14,0.0,2,yaw,3.0
000021,7,Car,31.800440248524865,28,3,0.10714285714285714,0.0,2,yaw,3.0
000023,0,Truck,69.291272899262,74,0,0.0,0.0,0,yaw,3.0
000023,1,Car,57.51844312913902,13,0,0.0,0.0,0,yaw,3.0
000023,2,Cyclist,44.993710671603864,20,0,0.0,0.0,3,yaw,3.0
000025,0,Car,3.970453374616053,1319,160,0.12130401819560273,0.94,3,yaw,3.0
000025,1,Car,10.65178388815695,1121,929,0.8287243532560215,0.0,0,yaw,3.0
000025,2,Car,30.190077840244136,61,8,0.13114754098360656,0.0,0,yaw,3.0
000025,3,Car,17.854971296532515,316,165,0.5221518987341772,0.0,0,yaw,3.0
000025,4,Cyclist,44.71587861151786,21,0,0.0,0.0,3,yaw,3.0
000025,5,Car,22.69764084657258,27,0,0.0,0.0,1,yaw,3.0
000031,0,Car,12.607632608860396,1028,801,0.7791828793774319,0.0,0,yaw,3.0
000031,1,Car,9.03792011471666,1028,953,0.9270428015564203,0.0,0,yaw,3.0
000031,2,Car,13.456210462087757,517,351,0.6789168278529981,0.0,1,yaw,3.0
000031,3,Truck,22.540259537103825,328,209,0.6371951219512195,0.0,2,yaw,3.0
000031,4,Car,26.54867604985228,141,29,0.20567375886524822,0.0,0,yaw,3.0
000031,5,Van,51.92949547222657,32,0,0.0,0.0,0,yaw,3.0
000032,0,Car,9.652983994599804,1435,1362,0.9491289198606272,0.0,0,yaw,3.0
000032,1,Car,9.138276642781175,1352,1214,0.8979289940828402,0.0,0,yaw,3.0
000032,2,Van,14.807150299770715,803,754,0.9389788293897883,0.0,1,yaw,3.0
000032,3,Car,13.80878343663916,410,298,0.7268292682926829,0.0,1,yaw,3.0
000032,4,Car,20.173807275772216,71,8,0.11267605633802817,0.0,2,yaw,3.0
000032,5,Van,25.41070837265266,584,584,1.0,0.0,2,yaw,3.0
000032,6,Car,25.844198575308926,75,42,0.56,0.0,2,yaw,3.0
000032,7,Van,44.721862662460744,64,0,0.0,0.0,0,yaw,3.0
000032,8,Van,41.09104525319355,154,81,0.525974025974026,0.0,2,yaw,3.0
000032,9,Car,45.14646608539809,39,0,0.0,0.0,0,yaw,3.0
000043,0,Pedestrian,12.751219549517607,158,0,0.0,0.0,0,yaw,3.0
000043,1,Pedestrian,12.631927802200265,183,0,0.0,0.0,0,yaw,3.0
000043,2,Pedestrian,20.64994188853809,85,0,0.0,0.0,0,yaw,3.0
000043,3,Pedestrian,20.569696157211464,88,0,0.0,0.0,0,yaw,3.0
000048,0,Pedestrian,16.89035227578158,113,0,0.0,0.0,0,yaw,3.0
000048,1,Pedestrian,17.16517987088979,132,0,0.0,0.0,0,yaw,3.0
000048,2,Pedestrian,16.5757654423559,116,0,0.0,0.0,0,yaw,3.0
000048,3,Cyclist,30.42289927012217,41,0,0.0,0.0,0,yaw,3.0
000049,0,Car,21.55469786380686,206,74,0.3592233009708738,0.0,0,yaw,3.0
000049,1,Car,14.348257733955018,930,797,0.8569892473118279,0.0,0,yaw,3.0
000049,2,Car,22.289344988132783,140,138,0.9857142857142858,0.0,2,yaw,3.0
000049,3,Car,25.20128964953976,79,76,0.9620253164556962,0.0,2,yaw,3.0
000049,4,Car,32.78124006196227,18,18,1.0,0.0,2,yaw,3.0
000049,5,Van,45.86104665181553,79,59,0.7468354430379747,0.0,3,yaw,3.0
000049,6,Pedestrian,5.464155927496945,830,436,0.5253012048192771,0.29,3,yaw,3.0
000049,7,Car,10.398389298348086,571,464,0.8126094570928196,0.0,1,yaw,3.0
000049,8,Car,15.44416070882455,432,298,0.6898148148148148,0.0,1,yaw,3.0
000049,9,Car,20.644311565174558,198,38,0.1919191919191919,0.0,2,yaw,3.0
000049,10,Pedestrian,32.79,42,0,0.0,0.0,0,yaw,3.0
000049,11,Car,33.246186247447994,74,62,0.8378378378378378,0.0,2,yaw,3.0
000049,12,Car,14.42238537829301,437,385,0.8810068649885584,0.07,3,yaw,3.0
000049,13,Car,19.022000420565657,312,292,0.9358974358974359,0.0,1,yaw,3.0
000049,15,Car,23.202450301638404,8,7,0.875,0.0,2,yaw,3.0
000049,16,Van,35.570551021877634,261,168,0.6436781609195402,0.0,3,yaw,3.0
000049,17,Car,22.381387356462064,56,10,0.17857142857142858,0.38,3,yaw,3.0
000061,0,Van,18.810489095183037,989,739,0.7472194135490394,0.05,3,yaw,3.0
000061,1,Car,14.65341257182094,441,0,0.0,0.79,3,yaw,3.0
000061,2,Car,40.910098997680265,6,0,0.0,0.0,2,yaw,3.0
000061,3,Car,21.145224047051382,145,65,0.4482758620689655,0.14,1,yaw,3.0
000061,4,Misc,37.18469174270509,86,14,0.16279069767441862,0.0,3,yaw,3.0
000061,5,Van,43.67280274953738,14,0,0.0,0.0,3,yaw,3.0
000001,0,Truck,69.44159056358085,70,70,1.0,0.0,0,translation,0.0
000001,1,Car,60.780926284485005,9,9,1.0,0.0,0,translation,0.0
000001,2,Cyclist,46.06922725638015,18,18,1.0,0.0,3,translation,0.0
000004,0,Car,41.35978360678401,77,77,1.0,0.0,0,translation,0.0
000004,1,Car,53.58041619845819,26,26,1.0,0.0,0,translation,0.0
000007,0,Car,25.019516382216505,191,191,1.0,0.0,0,translation,0.0
000007,1,Car,48.126992426288176,19,19,1.0,0.0,0,translation,0.0
000007,2,Car,60.70300239691609,5,5,1.0,0.0,0,translation,0.0
000007,3,Cyclist,36.35443576786745,25,25,1.0,0.0,0,translation,0.0
000008,0,Car,4.564252403187186,6237,1412,0.22639089305755972,0.88,3,translation,0.0
000008,1,Car,7.946603047843777,1940,1940,1.0,0.0,1,translation,0.0
000008,2,Car,7.2345421416977045,1041,871,0.8366954851104706,0.34,3,translation,0.0
000008,3,Car,14.479589082567227,668,668,1.0,0.0,1,translation,0.0
000008,4,Car,33.98025308911045,53,53,1.0,0.0,0,translation,0.0
000008,5,Car,21.686677938310424,164,164,1.0,0.0,0,translation,0.0
000009,0,Car,23.89025742850001,219,219,1.0,0.0,0,translation,0.0
000010,0,Car,6.831171202656248,1645,277,0.16838905775075988,0.8,0,translation,0.0
000010,1,Car,12.039605475263714,1016,1016,1.0,0.0,0,translation,0.0
000010,2,Pedestrian,24.942112981862625,23,23,1.0,0.0,2,translation,0.0
000010,3,Car,17.506355988611677,340,340,1.0,0.0,0,translation,0.0
000010,4,Car,23.095441108582445,48,48,1.0,0.0,2,translation,0.0
000010,5,Car,23.643053948252962,246,246,1.0,0.0,0,translation,0.0
000010,6,Car,29.077044210166893,55,55,1.0,0.0,2,translation,0.0
000010,7,Car,29.59823136607997,33,33,1.0,0.0,1,translation,0.0
000010,8,Car,43.08564145977172,20,20,1.0,0.0,1,translation,0.0
000011,0,Pedestrian,13.41118935814419,151,150,0.9933774834437086,0.0,1,translation,0.0
000011,1,Pedestrian,14.482447997489928,35,35,1.0,0.0,2,translation,0.0
000011,2,Car,27.09597940654665,208,208,1.0,0.0,0,translation,0.0
000011,3,Pedestrian,34.150935565515624,40,40,1.0,0.0,0,translation,0.0
000011,4,Car,6.5780924286604545,3251,207,0.06367271608735774,0.98,0,translation,0.0
000011,5,Pedestrian,17.808113319495696,81,81,1.0,0.0,0,translation,0.0
000012,0,Car,59.08272251682382,13,13,1.0,0.0,0,translation,0.0
000012,1,Van,66.31078946898461,39,39,1.0,0.0,0,translation,0.0
000015,0,Car,4.936851223198852,5857,1637,0.27949462182004436,0.89,0,translation,0.0
000015,1,Pedestrian,8.953803661014687,386,371,0.961139896373057,0.0,1,translation,0.0
000015,2,Pedestrian,24.265020090657252,55,49,0.8909090909090909,0.0,0,translation,0.0
000015,3,Pedestrian,24.443780395020735,70,59,0.8428571428571429,0.0,0,translation,0.0
000015,4,Pedestrian,23.36865635846443,66,66,1.0,0.0,0,translation,0.0
000016,0,Car,44.60722138847027,24,24,1.0,0.0,2,translation,0.0
000016,1,Truck,28.05990912316004,1973,1973,1.0,0.0,2,translation,0.0
000016,2,Car,33.44507886072329,51,51,1.0,0.0,0,translation,0.0
000016,3,Car,7.076114753167871,2051,1761,0.8586055582642613,0.5,0,translation,0.0
000016,4,Car,47.17749145514204,10,10,1.0,0.0,0,translation,0.0
000019,0,Truck,6.313517244769353,7634,4862,0.6368876080691642,0.74,1,translation,0.0
000019,1,Car,10.126401137620414,1236,1236,1.0,0.0,0,translation,0.0
000019,2,Van,35.422761044277735,106,106,1.0,0.0,0,translation,0.0
000019,3,Car,59.71424118248511,19,19,1.0,0.0,0,translation,0.0
000021,0,Cyclist,4.173978917052649,1484,176,0.11859838274932614,0.89,0,translation,0.0
000021,1,Car,13.640780769442783,850,850,1.0,0.0,0,translation,0.0
000021,2,Car,17.77949380606771,238,238,1.0,0.0,1,translation,0.0
000021,3,Van,23.926972228010797,964,964,1.0,0.0,1,translation,0.0
000021,4,Car,26.48156528606268,176,176,1.0,0.0,0,translation,0.0
000021,5,Car,26.878863443233605,113,113,1.0,0.0,1,translation,0.0
000021,6,Car,32.60922875506258,50,50,1.0,0.0,2,translation,0.0
000021,7,Car,31.800440248524865,28,28,1.0,0.0,2,translation,0.0
000023,0,Truck,69.291272899262,74,74,1.0,0.0,0,translation,0.0
000023,1,Car,57.51844312913902,13,13,1.0,0.0,0,translation,0.0
000023,2,Cyclist,44.993710671603864,20,20,1.0,0.0,3,translation,0.0
000025,0,Car,3.970453374616053,1319,138,0.10462471569370735,0.94,3,translation,0.0
000025,1,Car,10.65178388815695,1121,1121,1.0,0.0,0,translation,0.0
000025,2,Car,30.190077840244136,61,61,1.0,0.0,0,translation,0.0
000025,3,Car,17.854971296532515,316,316,1.0,0.0,0,translation,0.0
000025,4,Cyclist,44.71587861151786,21,21,1.0,0.0,3,translation,0.0
000025,5,Car,22.69764084657258,27,27,1.0,0.0,1,translation,0.0
000031,0,Car,12.607632608860396,1028,1028,1.0,0.0,0,translation,0.0
000031,1,Car,9.03792011471666,1028,1028,1.0,0.0,0,translation,0.0
000031,2,Car,13.456210462087757,517,517,1.0,0.0,1,translation,0.0
000031,3,Truck,22.540259537103825,328,328,1.0,0.0,2,translation,0.0
000031,4,Car,26.54867604985228,141,141,1.0,0.0,0,translation,0.0
000031,5,Van,51.92949547222657,32,32,1.0,0.0,0,translation,0.0
000032,0,Car,9.652983994599804,1435,1435,1.0,0.0,0,translation,0.0
000032,1,Car,9.138276642781175,1352,1350,0.9985207100591716,0.0,0,translation,0.0
000032,2,Van,14.807150299770715,803,803,1.0,0.0,1,translation,0.0
000032,3,Car,13.80878343663916,410,410,1.0,0.0,1,translation,0.0
000032,4,Car,20.173807275772216,71,71,1.0,0.0,2,translation,0.0
000032,5,Van,25.41070837265266,584,584,1.0,0.0,2,translation,0.0
000032,6,Car,25.844198575308926,75,75,1.0,0.0,2,translation,0.0
000032,7,Van,44.721862662460744,64,64,1.0,0.0,0,translation,0.0
000032,8,Van,41.09104525319355,154,154,1.0,0.0,2,translation,0.0
000032,9,Car,45.14646608539809,39,39,1.0,0.0,0,translation,0.0
000043,0,Pedestrian,12.751219549517607,158,150,0.9493670886075949,0.0,0,translation,0.0
000043,1,Pedestrian,12.631927802200265,183,182,0.994535519125683,0.0,0,translation,0.0
000043,2,Pedestrian,20.64994188853809,85,85,1.0,0.0,0,translation,0.0
000043,3,Pedestrian,20.569696157211464,88,86,0.9772727272727273,0.0,0,translation,0.0
000048,0,Pedestrian,16.89035227578158,113,108,0.9557522123893806,0.0,0,translation,0.0
000048,1,Pedestrian,17.16517987088979,132,125,0.946969696969697,0.0,0,translation,0.0
000048,2,Pedestrian,16.5757654423559,116,96,0.8275862068965517,0.0,0,translation,0.0
000048,3,Cyclist,30.42289927012217,41,41,1.0,0.0,0,translation,0.0
000049,0,Car,21.55469786380686,206,206,1.0,0.0,0,translation,0.0
000049,1,Car,14.348257733955018,930,930,1.0,0.0,0,translation,0.0
000049,2,Car,22.289344988132783,140,140,1.0,0.0,2,translation,0.0
000049,3,Car,25.20128964953976,79,79,1.0,0.0,2,translation,0.0
000049,4,Car,32.78124006196227,18,18,1.0,0.0,2,translation,0.0
000049,5,Van,45.86104665181553,79,79,1.0,0.0,3,translation,0.0
000049,6,Pedestrian,5.464155927496945,830,690,0.8313253012048193,0.29,3,translation,0.0
000049,7,Car,10.398389298348086,571,571,1.0,0.0,1,translation,0.0
000049,8,Car,15.44416070882455,432,432,1.0,0.0,1,translation,0.0
000049,9,Car,20.644311565174558,198,198,1.0,0.0,2,translation,0.0
000049,10,Pedestrian,32.79,42,37,0.8809523809523809,0.0,0,translation,0.0
000049,11,Car,33.246186247447994,74,74,1.0,0.0,2,translation,0.0
000049,12,Car,14.42238537829301,437,437,1.0,0.07,3,translation,0.0
000049,13,Car,19.022000420565657,312,312,1.0,0.0,1,translation,0.0
000049,15,Car,23.202450301638404,8,8,1.0,0.0,2,translation,0.0
000049,16,Van,35.570551021877634,261,261,1.0,0.0,3,translation,0.0
000049,17,Car,22.381387356462064,56,49,0.875,0.38,3,translation,0.0
000061,0,Van,18.810489095183037,989,989,1.0,0.05,3,translation,0.0
000061,1,Car,14.65341257182094,441,108,0.24489795918367346,0.79,3,translation,0.0
000061,2,Car,40.910098997680265,6,6,1.0,0.0,2,translation,0.0
000061,3,Car,21.145224047051382,145,145,1.0,0.14,1,translation,0.0
000061,4,Misc,37.18469174270509,86,86,1.0,0.0,3,translation,0.0
000061,5,Van,43.67280274953738,14,14,1.0,0.0,3,translation,0.0
000001,0,Truck,69.44159056358085,70,70,1.0,0.0,0,translation,2.0
000001,1,Car,60.780926284485005,9,9,1.0,0.0,0,translation,2.0
000001,2,Cyclist,46.06922725638015,18,18,1.0,0.0,3,translation,2.0
000004,0,Car,41.35978360678401,77,77,1.0,0.0,0,translation,2.0
000004,1,Car,53.58041619845819,26,26,1.0,0.0,0,translation,2.0
000007,0,Car,25.019516382216505,191,191,1.0,0.0,0,translation,2.0
000007,1,Car,48.126992426288176,19,19,1.0,0.0,0,translation,2.0
000007,2,Car,60.70300239691609,5,5,1.0,0.0,0,translation,2.0
000007,3,Cyclist,36.35443576786745,25,25,1.0,0.0,0,translation,2.0
000008,0,Car,4.564252403187186,6237,1400,0.2244668911335578,0.88,3,translation,2.0
000008,1,Car,7.946603047843777,1940,1940,1.0,0.0,1,translation,2.0
000008,2,Car,7.2345421416977045,1041,877,0.8424591738712777,0.34,3,translation,2.0
000008,3,Car,14.479589082567227,668,668,1.0,0.0,1,translation,2.0
000008,4,Car,33.98025308911045,53,53,1.0,0.0,0,translation,2.0
000008,5,Car,21.686677938310424,164,164,1.0,0.0,0,translation,2.0
000009,0,Car,23.89025742850001,219,219,1.0,0.0,0,translation,2.0
000010,0,Car,6.831171202656248,1645,282,0.17142857142857143,0.8,0,translation,2.0
000010,1,Car,12.039605475263714,1016,1016,1.0,0.0,0,translation,2.0
000010,2,Pedestrian,24.942112981862625,23,23,1.0,0.0,2,translation,2.0
000010,3,Car,17.506355988611677,340,340,1.0,0.0,0,translation,2.0
000010,4,Car,23.095441108582445,48,48,1.0,0.0,2,translation,2.0
000010,5,Car,23.643053948252962,246,246,1.0,0.0,0,translation,2.0
000010,6,Car,29.077044210166893,55,55,1.0,0.0,2,translation,2.0
000010,7,Car,29.59823136607997,33,33,1.0,0.0,1,translation,2.0
000010,8,Car,43.08564145977172,20,20,1.0,0.0,1,translation,2.0
000011,0,Pedestrian,13.41118935814419,151,151,1.0,0.0,1,translation,2.0
000011,1,Pedestrian,14.482447997489928,35,35,1.0,0.0,2,translation,2.0
000011,2,Car,27.09597940654665,208,208,1.0,0.0,0,translation,2.0
000011,3,Pedestrian,34.150935565515624,40,38,0.95,0.0,0,translation,2.0
000011,4,Car,6.5780924286604545,3251,201,0.061827130113811135,0.98,0,translation,2.0
000011,5,Pedestrian,17.808113319495696,81,81,1.0,0.0,0,translation,2.0
000012,0,Car,59.08272251682382,13,13,1.0,0.0,0,translation,2.0
000012,1,Van,66.31078946898461,39,39,1.0,0.0,0,translation,2.0
000015,0,Car,4.936851223198852,5857,1631,0.27847020659040467,0.89,0,translation,2.0
000015,1,Pedestrian,8.953803661014687,386,368,0.9533678756476683,0.0,1,translation,2.0
000015,2,Pedestrian,24.265020090657252,55,48,0.8727272727272727,0.0,0,translation,2.0
000015,3,Pedestrian,24.443780395020735,70,58,0.8285714285714286,0.0,0,translation,2.0
000015,4,Pedestrian,23.36865635846443,66,66,1.0,0.0,0,translation,2.0
000016,0,Car,44.60722138847027,24,24,1.0,0.0,2,translation,2.0
000016,1,Truck,28.05990912316004,1973,1973,1.0,0.0,2,translation,2.0
000016,2,Car,33.44507886072329,51,51,1.0,0.0,0,translation,2.0
000016,3,Car,7.076114753167871,2051,1750,0.8532423208191127,0.5,0,translation,2.0
000016,4,Car,47.17749145514204,10,10,1.0,0.0,0,translation,2.0
000019,0,Truck,6.313517244769353,7634,4832,0.632957820277705,0.74,1,translation,2.0
000019,1,Car,10.126401137620414,1236,1236,1.0,0.0,0,translation,2.0
000019,2,Van,35.422761044277735,106,106,1.0,0.0,0,translation,2.0
000019,3,Car,59.71424118248511,19,19,1.0,0.0,0,translation,2.0
000021,0,Cyclist,4.173978917052649,1484,199,0.13409703504043127,0.89,0,translation,2.0
000021,1,Car,13.640780769442783,850,850,1.0,0.0,0,translation,2.0
000021,2,Car,17.77949380606771,238,238,1.0,0.0,1,translation,2.0
000021,3,Van,23.926972228010797,964,964,1.0,0.0,1,translation,2.0
000021,4,Car,26.48156528606268,176,176,1.0,0.0,0,translation,2.0
000021,5,Car,26.878863443233605,113,113,1.0,0.0,1,translation,2.0
000021,6,Car,32.60922875506258,50,50,1.0,0.0,2,translation,2.0
000021,7,Car,31.800440248524865,28,28,1.0,0.0,2,translation,2.0
000023,0,Truck,69.291272899262,74,74,1.0,0.0,0,translation,2.0
000023,1,Car,57.51844312913902,13,13,1.0,0.0,0,translation,2.0
000023,2,Cyclist,44.993710671603864,20,20,1.0,0.0,3,translation,2.0
000025,0,Car,3.970453374616053,1319,141,0.1068991660348749,0.94,3,translation,2.0
000025,1,Car,10.65178388815695,1121,1121,1.0,0.0,0,translation,2.0
000025,2,Car,30.190077840244136,61,61,1.0,0.0,0,translation,2.0
000025,3,Car,17.854971296532515,316,316,1.0,0.0,0,translation,2.0
000025,4,Cyclist,44.71587861151786,21,21,1.0,0.0,3,translation,2.0
000025,5,Car,22.69764084657258,27,27,1.0,0.0,1,translation,2.0
000031,0,Car,12.607632608860396,1028,1028,1.0,0.0,0,translation,2.0
000031,1,Car,9.03792011471666,1028,1028,1.0,0.0,0,translation,2.0
000031,2,Car,13.456210462087757,517,517,1.0,0.0,1,translation,2.0
000031,3,Truck,22.540259537103825,328,328,1.0,0.0,2,translation,2.0
000031,4,Car,26.54867604985228,141,141,1.0,0.0,0,translation,2.0
000031,5,Van,51.92949547222657,32,32,1.0,0.0,0,translation,2.0
000032,0,Car,9.652983994599804,1435,1435,1.0,0.0,0,translation,2.0
000032,1,Car,9.138276642781175,1352,1350,0.9985207100591716,0.0,0,translation,2.0
000032,2,Van,14.807150299770715,803,803,1.0,0.0,1,translation,2.0
000032,3,Car,13.80878343663916,410,410,1.0,0.0,1,translation,2.0
000032,4,Car,20.173807275772216,71,71,1.0,0.0,2,translation,2.0
000032,5,Van,25.41070837265266,584,584,1.0,0.0,2,translation,2.0
000032,6,Car,25.844198575308926,75,75,1.0,0.0,2,translation,2.0
000032,7,Van,44.721862662460744,64,64,1.0,0.0,0,translation,2.0
000032,8,Van,41.09104525319355,154,154,1.0,0.0,2,translation,2.0
000032,9,Car,45.14646608539809,39,39,1.0,0.0,0,translation,2.0
000043,0,Pedestrian,12.751219549517607,158,151,0.9556962025316456,0.0,0,translation,2.0
000043,1,Pedestrian,12.631927802200265,183,179,0.9781420765027322,0.0,0,translation,2.0
000043,2,Pedestrian,20.64994188853809,85,85,1.0,0.0,0,translation,2.0
000043,3,Pedestrian,20.569696157211464,88,87,0.9886363636363636,0.0,0,translation,2.0
000048,0,Pedestrian,16.89035227578158,113,103,0.911504424778761,0.0,0,translation,2.0
000048,1,Pedestrian,17.16517987088979,132,123,0.9318181818181818,0.0,0,translation,2.0
000048,2,Pedestrian,16.5757654423559,116,96,0.8275862068965517,0.0,0,translation,2.0
000048,3,Cyclist,30.42289927012217,41,41,1.0,0.0,0,translation,2.0
000049,0,Car,21.55469786380686,206,206,1.0,0.0,0,translation,2.0
000049,1,Car,14.348257733955018,930,930,1.0,0.0,0,translation,2.0
000049,2,Car,22.289344988132783,140,140,1.0,0.0,2,translation,2.0
000049,3,Car,25.20128964953976,79,79,1.0,0.0,2,translation,2.0
000049,4,Car,32.78124006196227,18,18,1.0,0.0,2,translation,2.0
000049,5,Van,45.86104665181553,79,79,1.0,0.0,3,translation,2.0
000049,6,Pedestrian,5.464155927496945,830,680,0.8192771084337349,0.29,3,translation,2.0
000049,7,Car,10.398389298348086,571,571,1.0,0.0,1,translation,2.0
000049,8,Car,15.44416070882455,432,432,1.0,0.0,1,translation,2.0
000049,9,Car,20.644311565174558,198,198,1.0,0.0,2,translation,2.0
000049,10,Pedestrian,32.79,42,36,0.8571428571428571,0.0,0,translation,2.0
000049,11,Car,33.246186247447994,74,74,1.0,0.0,2,translation,2.0
000049,12,Car,14.42238537829301,437,437,1.0,0.07,3,translation,2.0
000049,13,Car,19.022000420565657,312,312,1.0,0.0,1,translation,2.0
000049,15,Car,23.202450301638404,8,8,1.0,0.0,2,translation,2.0
000049,16,Van,35.570551021877634,261,261,1.0,0.0,3,translation,2.0
000049,17,Car,22.381387356462064,56,49,0.875,0.38,3,translation,2.0
000061,0,Van,18.810489095183037,989,989,1.0,0.05,3,translation,2.0
000061,1,Car,14.65341257182094,441,103,0.23356009070294784,0.79,3,translation,2.0
000061,2,Car,40.910098997680265,6,6,1.0,0.0,2,translation,2.0
000061,3,Car,21.145224047051382,145,145,1.0,0.14,1,translation,2.0
000061,4,Misc,37.18469174270509,86,86,1.0,0.0,3,translation,2.0
000061,5,Van,43.67280274953738,14,14,1.0,0.0,3,translation,2.0
000001,0,Truck,69.44159056358085,70,69,0.9857142857142858,0.0,0,translation,5.0
000001,1,Car,60.780926284485005,9,9,1.0,0.0,0,translation,5.0
000001,2,Cyclist,46.06922725638015,18,18,1.0,0.0,3,translation,5.0
000004,0,Car,41.35978360678401,77,77,1.0,0.0,0,translation,5.0
000004,1,Car,53.58041619845819,26,26,1.0,0.0,0,translation,5.0
000007,0,Car,25.019516382216505,191,191,1.0,0.0,0,translation,5.0
000007,1,Car,48.126992426288176,19,18,0.9473684210526315,0.0,0,translation,5.0
000007,2,Car,60.70300239691609,5,5,1.0,0.0,0,translation,5.0
000007,3,Cyclist,36.35443576786745,25,25,1.0,0.0,0,translation,5.0
000008,0,Car,4.564252403187186,6237,1381,0.22142055475388808,0.88,3,translation,5.0
000008,1,Car,7.946603047843777,1940,1940,1.0,0.0,1,translation,5.0
000008,2,Car,7.2345421416977045,1041,884,0.8491834774255523,0.34,3,translation,5.0
000008,3,Car,14.479589082567227,668,668,1.0,0.0,1,translation,5.0
000008,4,Car,33.98025308911045,53,53,1.0,0.0,0,translation,5.0
000008,5,Car,21.686677938310424,164,164,1.0,0.0,0,translation,5.0
000009,0,Car,23.89025742850001,219,219,1.0,0.0,0,translation,5.0
000010,0,Car,6.831171202656248,1645,290,0.1762917933130699,0.8,0,translation,5.0
000010,1,Car,12.039605475263714,1016,1016,1.0,0.0,0,translation,5.0
000010,2,Pedestrian,24.942112981862625,23,23,1.0,0.0,2,translation,5.0
000010,3,Car,17.506355988611677,340,340,1.0,0.0,0,translation,5.0
000010,4,Car,23.095441108582445,48,48,1.0,0.0,2,translation,5.0
000010,5,Car,23.643053948252962,246,246,1.0,0.0,0,translation,5.0
000010,6,Car,29.077044210166893,55,55,1.0,0.0,2,translation,5.0
000010,7,Car,29.59823136607997,33,33,1.0,0.0,1,translation,5.0
000010,8,Car,43.08564145977172,20,20,1.0,0.0,1,translation,5.0
000011,0,Pedestrian,13.41118935814419,151,149,0.9867549668874173,0.0,1,translation,5.0
000011,1,Pedestrian,14.482447997489928,35,35,1.0,0.0,2,translation,5.0
000011,2,Car,27.09597940654665,208,208,1.0,0.0,0,translation,5.0
000011,3,Pedestrian,34.150935565515624,40,38,0.95,0.0,0,translation,5.0
000011,4,Car,6.5780924286604545,3251,188,0.05782836050446016,0.98,0,translation,5.0
000011,5,Pedestrian,17.808113319495696,81,81,1.0,0.0,0,translation,5.0
000012,0,Car,59.08272251682382,13,13,1.0,0.0,0,translation,5.0
000012,1,Van,66.31078946898461,39,39,1.0,0.0,0,translation,5.0
000015,0,Car,4.936851223198852,5857,1627,0.27778726310397817,0.89,0,translation,5.0
000015,1,Pedestrian,8.953803661014687,386,356,0.9222797927461139,0.0,1,translation,5.0
000015,2,Pedestrian,24.265020090657252,55,45,0.8181818181818182,0.0,0,translation,5.0
000015,3,Pedestrian,24.443780395020735,70,54,0.7714285714285715,0.0,0,translation,5.0
000015,4,Pedestrian,23.36865635846443,66,63,0.9545454545454546,0.0,0,translation,5.0
000016,0,Car,44.60722138847027,24,24,1.0,0.0,2,translation,5.0
000016,1,Truck,28.05990912316004,1973,1973,1.0,0.0,2,translation,5.0
000016,2,Car,33.44507886072329,51,51,1.0,0.0,0,translation,5.0
000016,3,Car,7.076114753167871,2051,1726,0.841540711847879,0.5,0,translation,5.0
000016,4,Car,47.17749145514204,10,10,1.0,0.0,0,translation,5.0
000019,0,Truck,6.313517244769353,7634,4784,0.6266701598113702,0.74,1,translation,5.0
000019,1,Car,10.126401137620414,1236,1236,1.0,0.0,0,translation,5.0
000019,2,Van,35.422761044277735,106,106,1.0,0.0,0,translation,5.0
000019,3,Car,59.71424118248511,19,19,1.0,0.0,0,translation,5.0
000021,0,Cyclist,4.173978917052649,1484,227,0.15296495956873316,0.89,0,translation,5.0
000021,1,Car,13.640780769442783,850,850,1.0,0.0,0,translation,5.0
000021,2,Car,17.77949380606771,238,238,1.0,0.0,1,translation,5.0
000021,3,Van,23.926972228010797,964,964,1.0,0.0,1,translation,5.0
000021,4,Car,26.48156528606268,176,176,1.0,0.0,0,translation,5.0
000021,5,Car,26.878863443233605,113,113,1.0,0.0,1,translation,5.0
000021,6,Car,32.60922875506258,50,50,1.0,0.0,2,translation,5.0
000021,7,Car,31.800440248524865,28,28,1.0,0.0,2,translation,5.0
000023,0,Truck,69.291272899262,74,74,1.0,0.0,0,translation,5.0
000023,1,Car,57.51844312913902,13,13,1.0,0.0,0,translation,5.0
000023,2,Cyclist,44.993710671603864,20,20,1.0,0.0,3,translation,5.0
000025,0,Car,3.970453374616053,1319,146,0.1106899166034875,0.94,3,translation,5.0
000025,1,Car,10.65178388815695,1121,1120,0.9991079393398751,0.0,0,translation,5.0
000025,2,Car,30.190077840244136,61,61,1.0,0.0,0,translation,5.0
000025,3,Car,17.854971296532515,316,316,1.0,0.0,0,translation,5.0
000025,4,Cyclist,44.71587861151786,21,21,1.0,0.0,3,translation,5.0
000025,5,Car,22.69764084657258,27,27,1.0,0.0,1,translation,5.0
000031,0,Car,12.607632608860396,1028,1028,1.0,0.0,0,translation,5.0
000031,1,Car,9.03792011471666,1028,1028,1.0,0.0,0,translation,5.0
000031,2,Car,13.456210462087757,517,516,0.9980657640232108,0.0,1,translation,5.0
000031,3,Truck,22.540259537103825,328,328,1.0,0.0,2,translation,5.0
000031,4,Car,26.54867604985228,141,141,1.0,0.0,0,translation,5.0
000031,5,Van,51.92949547222657,32,32,1.0,0.0,0,translation,5.0
000032,0,Car,9.652983994599804,1435,1435,1.0,0.0,0,translation,5.0
000032,1,Car,9.138276642781175,1352,1350,0.9985207100591716,0.0,0,translation,5.0
000032,2,Van,14.807150299770715,803,803,1.0,0.0,1,translation,5.0
000032,3,Car,13.80878343663916,410,410,1.0,0.0,1,translation,5.0
000032,4,Car,20.173807275772216,71,71,1.0,0.0,2,translation,5.0
000032,5,Van,25.41070837265266,584,584,1.0,0.0,2,translation,5.0
000032,6,Car,25.844198575308926,75,75,1.0,0.0,2,translation,5.0
000032,7,Van,44.721862662460744,64,64,1.0,0.0,0,translation,5.0
000032,8,Van,41.09104525319355,154,154,1.0,0.0,2,translation,5.0
000032,9,Car,45.14646608539809,39,39,1.0,0.0,0,translation,5.0
000043,0,Pedestrian,12.751219549517607,158,149,0.9430379746835443,0.0,0,translation,5.0
000043,1,Pedestrian,12.631927802200265,183,172,0.9398907103825137,0.0,0,translation,5.0
000043,2,Pedestrian,20.64994188853809,85,85,1.0,0.0,0,translation,5.0
000043,3,Pedestrian,20.569696157211464,88,84,0.9545454545454546,0.0,0,translation,5.0
000048,0,Pedestrian,16.89035227578158,113,102,0.9026548672566371,0.0,0,translation,5.0
000048,1,Pedestrian,17.16517987088979,132,119,0.9015151515151515,0.0,0,translation,5.0
000048,2,Pedestrian,16.5757654423559,116,91,0.7844827586206896,0.0,0,translation,5.0
000048,3,Cyclist,30.42289927012217,41,41,1.0,0.0,0,translation,5.0
000049,0,Car,21.55469786380686,206,206,1.0,0.0,0,translation,5.0
000049,1,Car,14.348257733955018,930,930,1.0,0.0,0,translation,5.0
000049,2,Car,22.289344988132783,140,140,1.0,0.0,2,translation,5.0
000049,3,Car,25.20128964953976,79,79,1.0,0.0,2,translation,5.0
000049,4,Car,32.78124006196227,18,18,1.0,0.0,2,translation,5.0
000049,5,Van,45.86104665181553,79,79,1.0,0.0,3,translation,5.0
000049,6,Pedestrian,5.464155927496945,830,671,0.808433734939759,0.29,3,translation,5.0
000049,7,Car,10.398389298348086,571,571,1.0,0.0,1,translation,5.0
000049,8,Car,15.44416070882455,432,432,1.0,0.0,1,translation,5.0
000049,9,Car,20.644311565174558,198,198,1.0,0.0,2,translation,5.0
000049,10,Pedestrian,32.79,42,36,0.8571428571428571,0.0,0,translation,5.0
000049,11,Car,33.246186247447994,74,74,1.0,0.0,2,translation,5.0
000049,12,Car,14.42238537829301,437,437,1.0,0.07,3,translation,5.0
000049,13,Car,19.022000420565657,312,312,1.0,0.0,1,translation,5.0
000049,15,Car,23.202450301638404,8,8,1.0,0.0,2,translation,5.0
000049,16,Van,35.570551021877634,261,261,1.0,0.0,3,translation,5.0
000049,17,Car,22.381387356462064,56,49,0.875,0.38,3,translation,5.0
000061,0,Van,18.810489095183037,989,989,1.0,0.05,3,translation,5.0
000061,1,Car,14.65341257182094,441,96,0.21768707482993196,0.79,3,translation,5.0
000061,2,Car,40.910098997680265,6,6,1.0,0.0,2,translation,5.0
000061,3,Car,21.145224047051382,145,145,1.0,0.14,1,translation,5.0
000061,4,Misc,37.18469174270509,86,85,0.9883720930232558,0.0,3,translation,5.0
000061,5,Van,43.67280274953738,14,14,1.0,0.0,3,translation,5.0
000001,0,Truck,69.44159056358085,70,68,0.9714285714285714,0.0,0,translation,10.0
000001,1,Car,60.780926284485005,9,9,1.0,0.0,0,translation,10.0
000001,2,Cyclist,46.06922725638015,18,17,0.9444444444444444,0.0,3,translation,10.0
000004,0,Car,41.35978360678401,77,77,1.0,0.0,0,translation,10.0
000004,1,Car,53.58041619845819,26,26,1.0,0.0,0,translation,10.0
000007,0,Car,25.019516382216505,191,186,0.9738219895287958,0.0,0,translation,10.0
000007,1,Car,48.126992426288176,19,18,0.9473684210526315,0.0,0,translation,10.0
000007,2,Car,60.70300239691609,5,5,1.0,0.0,0,translation,10.0
000007,3,Cyclist,36.35443576786745,25,25,1.0,0.0,0,translation,10.0
000008,0,Car,4.564252403187186,6237,1342,0.21516754850088182,0.88,3,translation,10.0
000008,1,Car,7.946603047843777,1940,1940,1.0,0.0,1,translation,10.0
000008,2,Car,7.2345421416977045,1041,889,0.8539865513928915,0.34,3,translation,10.0
000008,3,Car,14.479589082567227,668,668,1.0,0.0,1,translation,10.0
000008,4,Car,33.98025308911045,53,53,1.0,0.0,0,translation,10.0
000008,5,Car,21.686677938310424,164,164,1.0,0.0,0,translation,10.0
000009,0,Car,23.89025742850001,219,217,0.9908675799086758,0.0,0,translation,10.0
000010,0,Car,6.831171202656248,1645,303,0.18419452887537993,0.8,0,translation,10.0
000010,1,Car,12.039605475263714,1016,1016,1.0,0.0,0,translation,10.0
000010,2,Pedestrian,24.942112981862625,23,23,1.0,0.0,2,translation,10.0
000010,3,Car,17.506355988611677,340,340,1.0,0.0,0,translation,10.0
000010,4,Car,23.095441108582445,48,48,1.0,0.0,2,translation,10.0
000010,5,Car,23.643053948252962,246,246,1.0,0.0,0,translation,10.0
000010,6,Car,29.077044210166893,55,55,1.0,0.0,2,translation,10.0
000010,7,Car,29.59823136607997,33,33,1.0,0.0,1,translation,10.0
000010,8,Car,43.08564145977172,20,20,1.0,0.0,1,translation,10.0
000011,0,Pedestrian,13.41118935814419,151,145,0.9602649006622517,0.0,1,translation,10.0
000011,1,Pedestrian,14.482447997489928,35,35,1.0,0.0,2,translation,10.0
000011,2,Car,27.09597940654665,208,208,1.0,0.0,0,translation,10.0
000011,3,Pedestrian,34.150935565515624,40,35,0.875,0.0,0,translation,10.0
000011,4,Car,6.5780924286604545,3251,168,0.05167640725930483,0.98,0,translation,10.0
000011,5,Pedestrian,17.808113319495696,81,78,0.9629629629629629,0.0,0,translation,10.0
000012,0,Car,59.08272251682382,13,13,1.0,0.0,0,translation,10.0
000012,1,Van,66.31078946898461,39,39,1.0,0.0,0,translation,10.0
000015,0,Car,4.936851223198852,5857,1618,0.2762506402595185,0.89,0,translation,10.0
000015,1,Pedestrian,8.953803661014687,386,324,0.8393782383419689,0.0,1,translation,10.0
000015,2,Pedestrian,24.265020090657252,55,38,0.6909090909090909,0.0,0,translation,10.0
000015,3,Pedestrian,24.443780395020735,70,48,0.6857142857142857,0.0,0,translation,10.0
000015,4,Pedestrian,23.36865635846443,66,61,0.9242424242424242,0.0,0,translation,10.0
000016,0,Car,44.60722138847027,24,24,1.0,0.0,2,translation,10.0
000016,1,Truck,28.05990912316004,1973,1973,1.0,0.0,2,translation,10.0
000016,2,Car,33.44507886072329,51,51,1.0,0.0,0,translation,10.0
000016,3,Car,7.076114753167871,2051,1685,0.8215504631886884,0.5,0,translation,10.0
000016,4,Car,47.17749145514204,10,10,1.0,0.0,0,translation,10.0
000019,0,Truck,6.313517244769353,7634,4708,0.6167146974063401,0.74,1,translation,10.0
000019,1,Car,10.126401137620414,1236,1236,1.0,0.0,0,translation,10.0
000019,2,Van,35.422761044277735,106,106,1.0,0.0,0,translation,10.0
000019,3,Car,59.71424118248511,19,19,1.0,0.0,0,translation,10.0
000021,0,Cyclist,4.173978917052649,1484,272,0.18328840970350405,0.89,0,translation,10.0
000021,1,Car,13.640780769442783,850,850,1.0,0.0,0,translation,10.0
000021,2,Car,17.77949380606771,238,238,1.0,0.0,1,translation,10.0
000021,3,Van,23.926972228010797,964,964,1.0,0.0,1,translation,10.0
000021,4,Car,26.48156528606268,176,176,1.0,0.0,0,translation,10.0
000021,5,Car,26.878863443233605,113,113,1.0,0.0,1,translation,10.0
000021,6,Car,32.60922875506258,50,50,1.0,0.0,2,translation,10.0
000021,7,Car,31.800440248524865,28,28,1.0,0.0,2,translation,10.0
000023,0,Truck,69.291272899262,74,72,0.972972972972973,0.0,0,translation,10.0
000023,1,Car,57.51844312913902,13,13,1.0,0.0,0,translation,10.0
000023,2,Cyclist,44.993710671603864,20,20,1.0,0.0,3,translation,10.0
000025,0,Car,3.970453374616053,1319,156,0.11827141774071266,0.94,3,translation,10.0
000025,1,Car,10.65178388815695,1121,1117,0.9964317573595004,0.0,0,translation,10.0
000025,2,Car,30.190077840244136,61,61,1.0,0.0,0,translation,10.0
000025,3,Car,17.854971296532515,316,316,1.0,0.0,0,translation,10.0
000025,4,Cyclist,44.71587861151786,21,20,0.9523809523809523,0.0,3,translation,10.0
000025,5,Car,22.69764084657258,27,26,0.9629629629629629,0.0,1,translation,10.0
000031,0,Car,12.607632608860396,1028,1025,0.9970817120622568,0.0,0,translation,10.0
000031,1,Car,9.03792011471666,1028,1028,1.0,0.0,0,translation,10.0
000031,2,Car,13.456210462087757,517,511,0.988394584139265,0.0,1,translation,10.0
000031,3,Truck,22.540259537103825,328,327,0.9969512195121951,0.0,2,translation,10.0
000031,4,Car,26.54867604985228,141,140,0.9929078014184397,0.0,0,translation,10.0
000031,5,Van,51.92949547222657,32,32,1.0,0.0,0,translation,10.0
000032,0,Car,9.652983994599804,1435,1435,1.0,0.0,0,translation,10.0
000032,1,Car,9.138276642781175,1352,1350,0.9985207100591716,0.0,0,translation,10.0
000032,2,Van,14.807150299770715,803,803,1.0,0.0,1,translation,10.0
000032,3,Car,13.80878343663916,410,410,1.0,0.0,1,translation,10.0
000032,4,Car,20.173807275772216,71,68,0.9577464788732394,0.0,2,translation,10.0
000032,5,Van,25.41070837265266,584,584,1.0,0.0,2,translation,10.0
000032,6,Car,25.844198575308926,75,75,1.0,0.0,2,translation,10.0
000032,7,Van,44.721862662460744,64,64,1.0,0.0,0,translation,10.0
000032,8,Van,41.09104525319355,154,154,1.0,0.0,2,translation,10.0
000032,9,Car,45.14646608539809,39,39,1.0,0.0,0,translation,10.0
000043,0,Pedestrian,12.751219549517607,158,143,0.9050632911392406,0.0,0,translation,10.0
000043,1,Pedestrian,12.631927802200265,183,157,0.8579234972677595,0.0,0,translation,10.0
000043,2,Pedestrian,20.64994188853809,85,81,0.9529411764705882,0.0,0,translation,10.0
000043,3,Pedestrian,20.569696157211464,88,79,0.8977272727272727,0.0,0,translation,10.0
000048,0,Pedestrian,16.89035227578158,113,93,0.8230088495575221,0.0,0,translation,10.0
000048,1,Pedestrian,17.16517987088979,132,112,0.8484848484848485,0.0,0,translation,10.0
000048,2,Pedestrian,16.5757654423559,116,80,0.6896551724137931,0.0,0,translation,10.0
000048,3,Cyclist,30.42289927012217,41,41,1.0,0.0,0,translation,10.0
000049,0,Car,21.55469786380686,206,200,0.970873786407767,0.0,0,translation,10.0
000049,1,Car,14.348257733955018,930,927,0.9967741935483871,0.0,0,translation,10.0
000049,2,Car,22.289344988132783,140,140,1.0,0.0,2,translation,10.0
000049,3,Car,25.20128964953976,79,79,1.0,0.0,2,translation,10.0
000049,4,Car,32.78124006196227,18,18,1.0,0.0,2,translation,10.0
000049,5,Van,45.86104665181553,79,79,1.0,0.0,3,translation,10.0
000049,6,Pedestrian,5.464155927496945,830,650,0.7831325301204819,0.29,3,translation,10.0
000049,7,Car,10.398389298348086,571,568,0.9947460595446584,0.0,1,translation,10.0
000049,8,Car,15.44416070882455,432,432,1.0,0.0,1,translation,10.0
000049,9,Car,20.644311565174558,198,198,1.0,0.0,2,translation,10.0
000049,10,Pedestrian,32.79,42,35,0.8333333333333334,0.0,0,translation,10.0
000049,11,Car,33.246186247447994,74,74,1.0,0.0,2,translation,10.0
000049,12,Car,14.42238537829301,437,437,1.0,0.07,3,translation,10.0
000049,13,Car,19.022000420565657,312,312,1.0,0.0,1,translation,10.0
000049,15,Car,23.202450301638404,8,8,1.0,0.0,2,translation,10.0
000049,16,Van,35.570551021877634,261,261,1.0,0.0,3,translation,10.0
000049,17,Car,22.381387356462064,56,49,0.875,0.38,3,translation,10.0
000061,0,Van,18.810489095183037,989,989,1.0,0.05,3,translation,10.0
000061,1,Car,14.65341257182094,441,85,0.1927437641723356,0.79,3,translation,10.0
000061,2,Car,40.910098997680265,6,6,1.0,0.0,2,translation,10.0
000061,3,Car,21.145224047051382,145,145,1.0,0.14,1,translation,10.0
000061,4,Misc,37.18469174270509,86,85,0.9883720930232558,0.0,3,translation,10.0
000061,5,Van,43.67280274953738,14,14,1.0,0.0,3,translation,10.0
