perturb_type,level,n_frames,n_objects,n_common_projected_points,fov_rate,macro_hit_rate,micro_hit_rate,median_shift_px,p95_shift_px,alignment_score,alignment_threshold,drift_detected
yaw,-3.0,20,111,360689,0.1571718372137754,0.3386690384744622,0.5248200836820084,43.359851856686745,60.55069299564701,0.36333727460215337,0.85,True
yaw,-2.0,20,111,365710,0.15725606559589067,0.47612907099676505,0.5819414225941423,28.98973103096549,40.874179664461685,0.5108097267883693,0.85,True
yaw,-1.0,20,111,370586,0.15730425596376754,0.7304990288505713,0.6440334728033473,14.539902148754454,20.686837871698355,0.7837076794432171,0.85,True
yaw,-0.5,20,111,373053,0.1573277225776902,0.8705300171349958,0.665071129707113,7.282036893712376,10.410017746760031,0.9339383526464464,0.85,False
yaw,0.0,20,111,375604,0.15739560813939504,0.9321065086022282,0.6696066945606695,0.0,0.0,1.0,0.85,False
yaw,0.5,20,111,373234,0.1574655889344858,0.837304279075428,0.6550460251046025,7.28235269701409,10.414551492025458,0.8982924927013287,0.85,False
yaw,1.0,20,111,370806,0.15749785552862947,0.6807919800410456,0.6271966527196653,14.54362362942633,20.7003264541111,0.7303800303486242,0.85,True
yaw,2.0,20,111,365930,0.1575141983490399,0.4670385663423287,0.5704267782426778,29.007126300169393,40.86969819251622,0.5010570809581537,0.85,True
yaw,3.0,20,111,361014,0.15759675054444638,0.34934647037162675,0.5199832635983264,43.389682559300034,60.563492181801195,0.3747924375032002,0.85,True
